open_timestamp_utc,close_timestamp_utc,open,high,low,close,volume
1555671600,1555675199,6.27,6.29,6.255,6.27,4142.38
1555675200,1555678799,6.267,6.29,6.205,6.23,2819.3
1555678800,1555682399,6.25,6.263,6.221,6.24,2536.24
1555682400,1555685999,6.25,6.253,6.221,6.242,2558.7
1555686000,1555689599,6.241,6.287,6.241,6.279,3176.5
1555689600,1555693199,6.279,6.337,6.219,6.263,11247.9
1555693200,1555696799,6.254,6.291,6.24,6.29,3432.02
1555696800,1555700399,6.289,6.291,6.239,6.262,6122.83
1555700400,1555703999,6.265,6.281,6.212,6.28,6580.8
1555704000,1555707599,6.279,6.287,6.245,6.262,3657.39
1555707600,1555711199,6.269,6.289,6.242,6.268,7644.24
1555711200,1555714799,6.269,6.284,6.251,6.271,4232.94
1555714800,1555718399,6.271,6.301,6.264,6.301,2513.22
1555718400,1555721999,6.292,6.311,6.284,6.299,2134.2
1555722000,1555725599,6.3,6.3,6.274,6.29,2451.99
1555725600,1555729199,6.29,6.339,6.283,6.308,4735.92
1555729200,1555732799,6.3,6.31,6.293,6.3,1781.27
1555732800,1555736399,6.301,6.309,6.3,6.304,2844.91
1555736400,1555739999,6.304,6.305,6.29,6.3,5815.59
1555740000,1555743599,6.3,6.31,6.29,6.291,1995.32
1555743600,1555747199,6.292,6.316,6.292,6.31,3881.1
1555747200,1555750799,6.31,6.323,6.29,6.296,1064.14
1555750800,1555754399,6.295,6.299,6.263,6.263,2247.42
1555754400,1555757999,6.262,6.264,6.231,6.235,5289.13
1555758000,1555761599,6.235,6.257,6.235,6.246,903.25
1555761600,1555765199,6.246,6.26,6.238,6.253,1931.67
1555765200,1555768799,6.255,6.267,6.24,6.248,2102.05
1555768800,1555772399,6.251,6.256,6.189,6.206,6170.37
1555772400,1555775999,6.2,6.239,6.19,6.205,5687.0
1555776000,1555779599,6.201,6.224,6.185,6.213,6643.97
1555779600,1555783199,6.213,6.246,6.2,6.224,2626.29
1555783200,1555786799,6.227,6.235,6.211,6.22,2572.45
1555786800,1555790399,6.227,6.261,6.214,6.234,2993.71
1555790400,1555793999,6.234,6.24,6.201,6.214,2465.53
1555794000,1555797599,6.205,6.233,6.18,6.193,3736.69
1555797600,1555801199,6.194,6.226,6.188,6.205,1934.66
1555801200,1555804799,6.207,6.25,6.193,6.237,1829.03
1555804800,1555808399,6.232,6.25,6.2,6.241,2670.32
1555808400,1555811999,6.241,6.25,6.226,6.237,1505.26
1555812000,1555815599,6.236,6.238,6.206,6.216,3742.98
1555815600,1555819199,6.216,6.228,6.201,6.207,3646.04
1555819200,1555822799,6.213,6.223,6.19,6.19,3270.21
1555822800,1555826399,6.19,6.191,6.163,6.169,5150.0
1555826400,1555829999,6.169,6.18,6.163,6.178,751.06
1555830000,1555833599,6.178,6.187,6.163,6.164,3377.12
1555833600,1555837199,6.164,6.164,5.821,5.9,57965.02
1555837200,1555840799,5.9,5.91,5.801,5.82,25386.54
1555840800,1555844399,5.82,5.871,5.751,5.85,12268.19
1555844400,1555847999,5.85,5.866,5.8,5.829,8660.38
1555848000,1555851599,5.82,5.83,5.721,5.819,19886.34
1555851600,1555855199,5.819,5.878,5.808,5.866,14991.31
1555855200,1555858799,5.866,5.866,5.801,5.84,12293.68
1555858800,1555862399,5.84,5.873,5.812,5.83,6430.01
1555862400,1555865999,5.84,5.852,5.813,5.815,8628.15
1555866000,1555869599,5.828,5.833,5.8,5.8,6076.72
1555869600,1555873199,5.81,5.82,5.79,5.8,11075.35
1555873200,1555876799,5.79,5.819,5.79,5.809,7285.47
1555876800,1555880399,5.809,5.868,5.802,5.856,11728.54
1555880400,1555883999,5.849,5.89,5.832,5.887,3936.68
1555884000,1555887599,5.879,5.946,5.863,5.928,6387.23
1555887600,1555891199,5.928,5.958,5.885,5.945,6898.65
1555891200,1555894799,5.941,5.964,5.93,5.939,7365.65
1555894800,1555898399,5.937,5.937,5.864,5.877,6319.01
1555898400,1555901999,5.881,5.888,5.849,5.862,8778.33
1555902000,1555905599,5.861,5.884,5.83,5.831,5300.89
1555905600,1555909199,5.831,5.898,5.831,5.883,5016.01
1555909200,1555912799,5.89,5.919,5.851,5.881,2374.32
1555912800,1555916399,5.886,5.892,5.86,5.89,2017.94
1555916400,1555919999,5.889,5.894,5.847,5.875,4865.81
1555920000,1555923599,5.875,5.929,5.875,5.919,1984.01
1555923600,1555927199,5.919,5.977,5.9,5.932,1589.93
1555927200,1555930799,5.93,5.99,5.912,5.939,3365.11
1555930800,1555934399,5.931,5.95,5.92,5.928,2043.55
1555934400,1555937999,5.922,5.959,5.92,5.93,5828.61
1555938000,1555941599,5.929,5.929,5.884,5.899,10674.66
1555941600,1555945199,5.899,5.97,5.878,5.93,9333.64
1555945200,1555948799,5.93,5.997,5.901,5.91,11272.56
1555948800,1555952399,5.911,5.911,5.87,5.87,4147.9
1555952400,1555955999,5.88,5.979,5.88,5.93,17751.48
1555956000,1555959599,5.947,5.994,5.924,5.976,9157.59
1555959600,1555963199,5.975,5.981,5.922,5.961,11591.17
1555963200,1555966799,5.96,5.985,5.911,5.941,10962.32
1555966800,1555970399,5.959,5.985,5.929,5.963,2260.5
1555970400,1555973999,5.957,5.988,5.945,5.959,2282.41
1555974000,1555977599,5.955,5.976,5.939,5.941,3899.01
1555977600,1555981199,5.94,5.947,5.891,5.927,6405.19
1555981200,1555984799,5.928,5.954,5.927,5.948,2262.12
1555984800,1555988399,5.949,5.968,5.923,5.964,5164.17
1555988400,1555991999,5.967,5.979,5.919,5.92,8592.01
1555992000,1555995599,5.93,6.031,5.88,5.99,18011.42
1555995600,1555999199,6.0,6.04,5.948,5.99,24345.47
1555999200,1556002799,5.98,6.099,5.971,6.055,12342.79
1556002800,1556006399,6.055,6.2,6.053,6.086,23248.11
1556006400,1556009999,6.089,6.134,6.062,6.062,4312.69
1556010000,1556013599,6.06,6.082,6.03,6.034,4118.35
1556013600,1556017199,6.046,6.08,6.037,6.057,2880.35
1556017200,1556020799,6.057,6.057,6.031,6.034,1832.11
1556020800,1556024399,6.033,6.037,6.003,6.003,10293.14
1556024400,1556027999,6.003,6.049,6.0,6.021,14887.02
1556028000,1556031599,6.029,6.06,6.007,6.059,7160.73
1556031600,1556035199,6.059,6.086,6.016,6.05,15377.42
1556035200,1556038799,6.05,6.05,6.011,6.013,4746.75
1556038800,1556042399,6.025,6.054,6.005,6.03,5967.48
1556042400,1556045999,6.03,6.038,6.0,6.027,4290.11
1556046000,1556049599,6.02,6.051,6.009,6.034,6785.27
1556049600,1556053199,6.039,6.049,6.001,6.019,4052.49
1556053200,1556056799,6.019,6.033,6.0,6.0,5618.74
1556056800,1556060399,6.009,6.035,5.921,5.968,27630.28
1556060400,1556063999,5.98,5.988,5.92,5.926,5914.08
1556064000,1556067599,5.918,5.947,5.9,5.924,10176.16
1556067600,1556071199,5.918,5.918,5.278,5.557,121999.27
1556071200,1556074799,5.553,5.733,5.512,5.697,34320.41
1556074800,1556078399,5.69,5.732,5.662,5.665,15195.39
1556078400,1556081999,5.664,5.753,5.613,5.736,14432.16
1556082000,1556085599,5.731,5.74,5.671,5.692,6126.23
1556085600,1556089199,5.68,5.749,5.63,5.67,5059.16
1556089200,1556092799,5.662,5.692,5.457,5.492,14689.3
1556092800,1556096399,5.5,5.625,5.496,5.609,10671.08
1556096400,1556099999,5.605,5.609,5.529,5.558,5821.35
1556100000,1556103599,5.559,5.58,5.476,5.49,6357.95
1556103600,1556107199,5.501,5.561,5.47,5.537,9058.23
1556107200,1556110799,5.535,5.58,5.525,5.552,15165.41
1556110800,1556114399,5.553,5.6,5.48,5.481,9145.45
1556114400,1556117999,5.47,5.62,5.45,5.576,16275.88
1556118000,1556121599,5.588,5.649,5.53,5.542,11333.34
1556121600,1556125199,5.55,5.579,5.431,5.478,13811.01
1556125200,1556128799,5.46,5.513,5.439,5.46,10561.66
1556128800,1556132399,5.46,5.508,5.44,5.492,9592.7
1556132400,1556135999,5.492,5.591,5.483,5.571,7894.48
1556136000,1556139599,5.568,5.59,5.545,5.564,9453.38
1556139600,1556143199,5.564,5.585,5.51,5.539,8441.49
1556143200,1556146799,5.528,5.59,5.528,5.586,7794.51
1556146800,1556150399,5.578,5.597,5.536,5.597,4907.95
1556150400,1556153999,5.599,5.713,5.599,5.641,7989.88
1556154000,1556157599,5.65,5.692,5.614,5.68,14506.38
1556157600,1556161199,5.68,5.799,5.66,5.67,21120.28
1556161200,1556164799,5.69,5.69,5.611,5.65,3885.12
1556164800,1556168399,5.652,5.685,5.648,5.648,2288.06
1556168400,1556171999,5.645,5.66,5.623,5.631,1868.48
1556172000,1556175599,5.64,5.65,5.6,5.6,1645.81
1556175600,1556179199,5.601,5.635,5.59,5.631,2588.7
1556179200,1556182799,5.625,5.645,5.625,5.64,1574.19
1556182800,1556186399,5.641,5.673,5.61,5.65,3605.2
1556186400,1556189999,5.677,5.677,5.646,5.658,1082.64
1556190000,1556193599,5.65,5.679,5.64,5.679,2251.92
1556193600,1556197199,5.668,5.698,5.611,5.615,10881.69
1556197200,1556200799,5.619,5.629,5.591,5.625,5078.31
1556200800,1556204399,5.611,5.613,5.56,5.601,15421.4
1556204400,1556207999,5.607,5.62,5.6,5.62,4437.7
1556208000,1556211599,5.618,5.637,5.612,5.63,2995.83
1556211600,1556215199,5.629,5.632,5.62,5.627,3218.23
1556215200,1556218799,5.626,5.649,5.621,5.63,3736.52
1556218800,1556222399,5.633,5.649,5.62,5.639,1223.88
1556222400,1556225999,5.638,5.65,5.622,5.647,2715.02
1556226000,1556229599,5.639,5.65,5.489,5.489,9698.44
1556229600,1556233199,5.485,5.485,5.15,5.345,105402.74
1556233200,1556236799,5.325,5.398,5.266,5.361,29713.72
1556236800,1556240399,5.35,5.356,5.22,5.259,32137.01
1556240400,1556243999,5.26,5.279,5.187,5.232,19323.82
1556244000,1556247599,5.232,5.408,5.219,5.34,29402.54
1556247600,1556251199,5.34,5.362,5.303,5.321,8422.73
1556251200,1556254799,5.321,5.33,5.274,5.274,10349.52
1556254800,1556258399,5.285,5.295,5.231,5.25,9557.9
1556258400,1556261999,5.25,5.25,5.174,5.211,10793.95
1556262000,1556265599,5.202,5.26,5.192,5.25,15062.16
1556265600,1556269199,5.25,5.374,5.25,5.32,18656.47
1556269200,1556272799,5.32,5.344,5.27,5.27,4324.4
1556272800,1556276399,5.28,5.296,5.258,5.289,5646.47
1556276400,1556279999,5.282,5.339,5.26,5.283,10785.7
1556280000,1556283599,5.283,5.326,5.268,5.319,8907.58
1556283600,1556287199,5.31,5.344,5.31,5.32,5506.77
1556287200,1556290799,5.33,5.355,5.3,5.347,4661.32
1556290800,1556294399,5.341,5.349,5.27,5.28,3060.82
1556294400,1556297999,5.28,5.333,5.208,5.25,14251.11
1556298000,1556301599,5.259,5.316,5.24,5.29,12782.91
1556301600,1556305199,5.273,5.299,5.272,5.28,10609.01
1556305200,1556308799,5.28,5.308,5.277,5.282,11466.69
1556308800,1556312399,5.28,5.312,5.279,5.307,2111.83
1556312400,1556315999,5.307,5.329,5.29,5.312,5893.68
1556316000,1556319599,5.325,5.376,5.311,5.344,5320.16
1556319600,1556323199,5.349,5.394,5.303,5.347,8347.98
1556323200,1556326799,5.35,5.424,5.336,5.38,9023.43
1556326800,1556330399,5.37,5.419,5.35,5.419,7798.26
1556330400,1556333999,5.41,5.475,5.382,5.4,11845.75
1556334000,1556337599,5.4,5.95,5.4,5.8,33741.34
1556337600,1556341199,5.8,5.97,5.49,5.69,38622.55
1556341200,1556344799,5.69,5.88,5.55,5.639,8007.62
1556344800,1556348399,5.639,5.779,5.447,5.619,13298.32
1556348400,1556351999,5.6,5.76,5.47,5.53,8347.81
1556352000,1556355599,5.55,5.637,5.53,5.605,3225.69
1556355600,1556359199,5.59,5.606,5.5,5.55,2015.88
1556359200,1556362799,5.53,5.606,5.501,5.52,4029.5
1556362800,1556366399,5.52,5.559,5.451,5.559,3154.3
1556366400,1556369999,5.5,5.51,5.381,5.381,8512.38
1556370000,1556373599,5.38,5.485,5.38,5.44,5375.47
1556373600,1556377199,5.439,5.513,5.362,5.42,8895.63
1556377200,1556380799,5.42,5.6,5.414,5.52,10083.79
1556380800,1556384399,5.52,5.8,5.52,5.66,16945.22
1556384400,1556387999,5.66,5.67,5.5,5.56,7997.47
1556388000,1556391599,5.56,5.599,5.528,5.55,6268.86
1556391600,1556395199,5.57,5.727,5.528,5.651,6993.33
1556395200,1556398799,5.66,5.68,5.55,5.616,6656.07
1556398800,1556402399,5.631,5.672,5.55,5.597,7976.59
1556402400,1556405999,5.593,5.654,5.55,5.55,5608.16
1556406000,1556409599,5.569,5.654,5.55,5.58,5709.05
1556409600,1556413199,5.58,5.597,5.523,5.54,2281.56
1556413200,1556416799,5.55,5.568,5.413,5.48,9568.54
1556416800,1556420399,5.508,5.529,5.376,5.43,12727.56
1556420400,1556423999,5.43,5.432,5.351,5.39,11421.35
1556424000,1556427599,5.39,5.43,5.361,5.4,6172.24
1556427600,1556431199,5.404,5.419,5.38,5.417,1576.35
1556431200,1556434799,5.41,5.421,5.39,5.41,1124.9
1556434800,1556438399,5.4,5.441,5.39,5.43,3054.96
1556438400,1556441999,5.425,5.445,5.38,5.433,1830.31
1556442000,1556445599,5.445,5.459,5.421,5.44,876.48
1556445600,1556449199,5.44,5.467,5.411,5.46,3629.88
1556449200,1556452799,5.469,5.49,5.46,5.49,1643.29
1556452800,1556456399,5.49,5.505,5.44,5.459,2800.47
1556456400,1556459999,5.459,5.47,5.39,5.39,3872.74
1556460000,1556463599,5.41,5.44,5.4,5.42,5821.01
1556463600,1556467199,5.438,5.472,5.421,5.47,3476.85
1556467200,1556470799,5.47,5.559,5.464,5.55,8689.17
1556470800,1556474399,5.534,5.534,5.43,5.459,8865.11
1556474400,1556477999,5.449,5.511,5.401,5.474,6917.67
1556478000,1556481599,5.48,5.485,5.38,5.393,14233.64
1556481600,1556485199,5.42,5.455,5.403,5.411,3595.75
1556485200,1556488799,5.416,5.435,5.38,5.402,11595.44
1556488800,1556492399,5.408,5.438,5.397,5.438,4153.84
1556492400,1556495999,5.439,5.468,5.439,5.468,1472.01
1556496000,1556499599,5.464,5.51,5.446,5.504,4048.56
1556499600,1556503199,5.5,5.539,5.481,5.539,7866.55
1556503200,1556506799,5.508,5.55,5.482,5.53,5064.25
1556506800,1556510399,5.53,5.589,5.513,5.541,11743.87
1556510400,1556513999,5.542,5.579,5.53,5.565,3237.51
1556514000,1556517599,5.564,5.568,5.509,5.544,4408.42
1556517600,1556521199,5.542,5.568,5.529,5.56,3331.07
1556521200,1556524799,5.563,5.574,5.523,5.532,1582.35
1556524800,1556528399,5.536,5.546,5.515,5.539,759.43
1556528400,1556531999,5.53,5.549,5.49,5.525,815.09
1556532000,1556535599,5.525,5.531,5.444,5.46,9451.32
1556535600,1556539199,5.46,5.48,5.433,5.46,6172.0
1556539200,1556542799,5.451,5.477,5.39,5.411,9890.7
1556542800,1556546399,5.413,5.449,5.352,5.448,26167.32
1556546400,1556549999,5.448,5.567,5.44,5.557,11553.1
1556550000,1556553599,5.548,5.625,5.51,5.53,13836.3
1556553600,1556557199,5.52,5.6,5.52,5.576,11635.26
1556557200,1556560799,5.576,5.6,5.528,5.55,10910.37
1556560800,1556564399,5.559,5.6,5.526,5.598,6557.91
1556564400,1556567999,5.598,5.625,5.56,5.583,15923.05
1556568000,1556571599,5.591,5.599,5.571,5.586,2128.85
1556571600,1556575199,5.586,5.587,5.48,5.505,11557.05
1556575200,1556578799,5.519,5.521,5.43,5.465,8865.05
1556578800,1556582399,5.466,5.519,5.462,5.488,6542.26
1556582400,1556585999,5.49,5.529,5.48,5.528,2477.77
1556586000,1556589599,5.528,5.59,5.523,5.582,4396.14
1556589600,1556593199,5.582,5.617,5.57,5.617,8927.15
1556593200,1556596799,5.606,5.629,5.567,5.58,4407.27
1556596800,1556600399,5.572,5.59,5.533,5.56,13917.12
1556600400,1556603999,5.58,5.609,5.563,5.59,7431.05
1556604000,1556607599,5.582,5.625,5.556,5.6,2460.38
1556607600,1556611199,5.591,5.643,5.591,5.61,2730.77
1556611200,1556614799,5.601,5.613,5.572,5.609,5299.35
1556614800,1556618399,5.61,5.625,5.59,5.62,1181.95
1556618400,1556621999,5.62,5.75,5.62,5.73,22036.8
1556622000,1556625599,5.728,5.813,5.709,5.813,10826.46
1556625600,1556629199,5.801,5.801,5.724,5.74,14407.33
1556629200,1556632799,5.74,5.792,5.688,5.737,29862.28
1556632800,1556636399,5.737,5.813,5.711,5.772,17790.54
1556636400,1556639999,5.789,5.789,5.74,5.749,10088.22
1556640000,1556643599,5.75,5.769,5.7,5.721,7630.88
1556643600,1556647199,5.73,5.746,5.71,5.71,5736.42
1556647200,1556650799,5.717,5.737,5.71,5.73,4676.77
1556650800,1556654399,5.73,5.738,5.71,5.71,6278.62
1556654400,1556657999,5.719,5.719,5.701,5.708,5186.77
1556658000,1556661599,5.707,5.74,5.699,5.739,12496.37
1556661600,1556665199,5.739,5.807,5.726,5.807,14946.47
1556665200,1556668799,5.806,5.83,5.781,5.822,18526.16
1556668800,1556672399,5.825,5.899,5.795,5.85,20138.78
1556672400,1556675999,5.85,5.89,5.82,5.85,15485.59
1556676000,1556679599,5.85,5.887,5.842,5.865,10050.96
1556679600,1556683199,5.856,5.91,5.843,5.874,16302.48
1556683200,1556686799,5.87,5.873,5.851,5.862,4099.51
1556686800,1556690399,5.863,5.863,5.85,5.858,5447.71
1556690400,1556693999,5.859,5.859,5.826,5.845,2617.05
1556694000,1556697599,5.845,5.85,5.832,5.841,741.7
1556697600,1556701199,5.841,5.841,5.771,5.775,7154.78
1556701200,1556704799,5.777,5.817,5.77,5.813,3921.07
1556704800,1556708399,5.817,5.82,5.791,5.799,1862.91
1556708400,1556711999,5.8,5.828,5.799,5.814,6023.6
1556712000,1556715599,5.827,5.848,5.766,5.795,5719.3
1556715600,1556719199,5.799,5.799,5.686,5.738,9160.39
1556719200,1556722799,5.738,5.76,5.72,5.73,9193.79
1556722800,1556726399,5.73,5.773,5.721,5.766,6220.48
1556726400,1556729999,5.763,5.77,5.72,5.749,8568.85
1556730000,1556733599,5.749,5.76,5.7,5.73,12409.52
1556733600,1556737199,5.723,5.738,5.673,5.7,13837.86
1556737200,1556740799,5.699,5.719,5.67,5.711,5250.98
1556740800,1556744399,5.719,5.735,5.69,5.709,2839.56
1556744400,1556747999,5.7,5.725,5.691,5.709,7965.36
1556748000,1556751599,5.709,5.731,5.7,5.72,1438.0
1556751600,1556755199,5.72,5.75,5.71,5.735,2779.78
1556755200,1556758799,5.733,5.766,5.715,5.715,6084.44
1556758800,1556762399,5.715,5.729,5.7,5.719,1541.93
1556762400,1556765999,5.71,5.723,5.686,5.7,3531.43
1556766000,1556769599,5.691,5.74,5.69,5.739,1715.89
1556769600,1556773199,5.723,5.74,5.693,5.737,2979.33
1556773200,1556776799,5.737,5.747,5.72,5.74,3539.9
1556776800,1556780399,5.73,5.743,5.72,5.73,1781.56
1556780400,1556783999,5.738,5.76,5.698,5.71,6411.12
1556784000,1556787599,5.729,5.743,5.71,5.71,3684.13
1556787600,1556791199,5.73,5.738,5.69,5.69,4204.04
1556791200,1556794799,5.7,5.715,5.686,5.709,576.97
1556794800,1556798399,5.711,5.73,5.7,5.71,3441.46
1556798400,1556801999,5.71,5.726,5.695,5.71,2606.05
1556802000,1556805599,5.71,5.719,5.66,5.7,13125.96
1556805600,1556809199,5.7,5.714,5.666,5.67,5617.53
1556809200,1556812799,5.671,5.725,5.67,5.694,4366.82
1556812800,1556816399,5.7,5.709,5.63,5.646,4969.32
1556816400,1556819999,5.647,5.683,5.647,5.668,2791.17
1556820000,1556823599,5.661,5.662,5.64,5.647,5871.6
1556823600,1556827199,5.642,5.69,5.64,5.65,4703.1
1556827200,1556830799,5.657,5.688,5.64,5.679,3618.08
1556830800,1556834399,5.67,5.739,5.66,5.696,10558.32
1556834400,1556837999,5.696,5.696,5.661,5.689,8691.41
1556838000,1556841599,5.67,5.691,5.663,5.669,2892.88
1556841600,1556845199,5.67,5.702,5.651,5.689,6786.48
1556845200,1556848799,5.69,5.716,5.661,5.69,5612.62
1556848800,1556852399,5.69,5.707,5.671,5.69,10373.12
1556852400,1556855999,5.69,5.71,5.667,5.691,2571.96
1556856000,1556859599,5.7,5.721,5.69,5.702,4799.72
1556859600,1556863199,5.704,5.72,5.691,5.717,2031.3
1556863200,1556866799,5.72,5.751,5.694,5.719,9707.5
1556866800,1556870399,5.718,5.733,5.692,5.692,7031.81
1556870400,1556873999,5.698,5.722,5.66,5.7,17537.2
1556874000,1556877599,5.7,5.968,5.681,5.918,33105.46
1556877600,1556881199,5.937,5.94,5.851,5.868,45540.21
1556881200,1556884799,5.878,5.941,5.86,5.909,16442.22
1556884800,1556888399,5.904,5.97,5.893,5.942,11328.0
1556888400,1556891999,5.949,6.106,5.949,6.07,33031.38
1556892000,1556895599,6.076,6.079,5.974,5.988,33062.26
1556895600,1556899199,5.993,6.0,5.939,5.961,20225.88
1556899200,1556902799,5.968,6.043,5.946,5.99,10379.52
1556902800,1556906399,5.98,6.003,5.95,5.97,15129.46
1556906400,1556909999,5.97,5.97,5.904,5.93,4433.8
1556910000,1556913599,5.93,5.976,5.929,5.947,4246.76
1556913600,1556917199,5.947,5.98,5.931,5.97,1818.55
1556917200,1556920799,5.969,5.999,5.945,5.999,10617.36
1556920800,1556924399,5.985,6.003,5.945,5.951,2536.54
1556924400,1556927999,5.969,5.97,5.938,5.942,3318.58
1556928000,1556931599,5.942,6.078,5.939,6.034,23922.67
1556931600,1556935199,6.034,6.081,6.01,6.05,10676.35
1556935200,1556938799,6.048,6.07,6.005,6.017,8828.12
1556938800,1556942399,6.02,6.038,5.91,5.91,19067.64
1556942400,1556945999,5.93,5.93,5.761,5.84,19313.54
1556946000,1556949599,5.833,5.85,5.765,5.788,14791.45
1556949600,1556953199,5.799,5.87,5.755,5.859,8241.02
1556953200,1556956799,5.859,5.876,5.83,5.84,1818.21
1556956800,1556960399,5.83,5.85,5.811,5.849,984.64
1556960400,1556963999,5.851,5.859,5.8,5.82,3250.96
1556964000,1556967599,5.811,5.843,5.796,5.818,2651.2
1556967600,1556971199,5.818,5.845,5.793,5.814,1566.33
1556971200,1556974799,5.802,5.81,5.735,5.769,2540.94
1556974800,1556978399,5.779,5.78,5.599,5.663,10888.84
1556978400,1556981999,5.67,5.703,5.61,5.697,3980.35
1556982000,1556985599,5.69,5.709,5.66,5.668,4034.81
1556985600,1556989199,5.66,5.713,5.63,5.699,4472.85
1556989200,1556992799,5.697,5.739,5.69,5.73,3389.54
1556992800,1556996399,5.73,5.737,5.7,5.719,1430.89
1556996400,1556999999,5.714,5.775,5.711,5.741,3099.66
1557000000,1557003599,5.748,5.802,5.742,5.802,2920
1557003600,1557007199,5.8,5.868,5.792,5.868,12426.37
1557007200,1557010799,5.818,5.874,5.8,5.84,30412
1557010800,1557014399,5.84,5.845,5.764,5.78,8245.17
1557014400,1557017999,5.79,5.822,5.716,5.8,10762.7
1557018000,1557021599,5.8,5.83,5.77,5.798,1295.3
1557021600,1557025199,5.79,5.839,5.76,5.788,5264.38
1557025200,1557028799,5.77,5.809,5.76,5.808,2315.76
1557028800,1557032399,5.797,5.809,5.76,5.768,1222.67
1557032400,1557035999,5.76,5.802,5.76,5.793,768.18
1557036000,1557039599,5.798,5.837,5.761,5.772,8030.53
1557039600,1557043199,5.772,5.78,5.735,5.735,2470.4
1557043200,1557046799,5.738,5.75,5.717,5.74,2505
1557046800,1557050399,5.74,5.741,5.69,5.692,2043.46
1557050400,1557053999,5.692,5.724,5.685,5.718,1119.75
1557054000,1557057599,5.719,5.736,5.685,5.685,5451.58
1557057600,1557061199,5.689,5.722,5.689,5.72,1323.9
1557061200,1557064799,5.725,5.751,5.7,5.7,1609.12
1557064800,1557068399,5.7,5.7,5.631,5.664,6552.71
1557068400,1557071999,5.664,5.664,5.64,5.649,4530.03
1557072000,1557075599,5.649,5.679,5.61,5.679,10564.95
1557075600,1557079199,5.676,5.687,5.621,5.622,5143.71
1557079200,1557082799,5.622,5.659,5.588,5.659,4464.32
1557082800,1557086399,5.649,5.66,5.616,5.63,2769.78
1557086400,1557089999,5.639,5.797,5.639,5.742,32244.01
1557090000,1557093599,5.752,5.752,5.706,5.72,2331.17
1557093600,1557097199,5.734,5.738,5.651,5.651,7325.08
1557097200,1557100799,5.69,5.715,5.67,5.689,2146.26
1557100800,1557104399,5.68,5.723,5.575,5.62,12587.01
1557104400,1557107999,5.619,5.651,5.449,5.544,43151.81
1557108000,1557111599,5.55,5.575,5.52,5.533,12349.12
1557111600,1557115199,5.54,5.55,5.492,5.5,8027.26
1557115200,1557118799,5.5,5.547,5.45,5.532,9392.43
1557118800,1557122399,5.522,5.557,5.478,5.499,3853.36
1557122400,1557125999,5.492,5.509,5.45,5.48,6968.13
1557126000,1557129599,5.47,5.508,5.44,5.45,10698.13
1557129600,1557133199,5.442,5.48,5.43,5.465,3476.84
1557133200,1557136799,5.46,5.537,5.45,5.49,726.67
1557136800,1557140399,5.51,5.545,5.5,5.525,5207.41
1557140400,1557143999,5.521,5.559,5.511,5.53,2088.7
1557144000,1557147599,5.538,5.538,5.497,5.51,1879.92
1557147600,1557151199,5.51,5.53,5.504,5.52,1665.15
1557151200,1557154799,5.523,5.607,5.512,5.552,9415.18
1557154800,1557158399,5.55,5.632,5.53,5.63,4016.66
1557158400,1557161999,5.626,5.719,5.626,5.699,11575.73
1557162000,1557165599,5.691,5.749,5.641,5.69,11319.03
1557165600,1557169199,5.693,5.749,5.681,5.723,15528.98
1557169200,1557172799,5.723,5.734,5.66,5.681,5969.53
1557172800,1557176399,5.685,5.71,5.64,5.71,6144.46
1557176400,1557179999,5.708,5.709,5.653,5.671,5154.68
1557180000,1557183599,5.68,5.688,5.626,5.677,11530.25
1557183600,1557187199,5.677,5.689,5.62,5.633,4665.12
1557187200,1557190799,5.631,5.766,5.631,5.766,18236.23
1557190800,1557194399,5.766,5.808,5.75,5.757,16155.99
1557194400,1557197999,5.756,5.83,5.751,5.83,14945.5
1557198000,1557201599,5.84,5.869,5.762,5.81,22739.48
1557201600,1557205199,5.817,5.829,5.751,5.761,6479.03
1557205200,1557208799,5.76,5.81,5.76,5.776,5295.44
1557208800,1557212399,5.769,5.78,5.75,5.755,1551.29
1557212400,1557215999,5.751,5.751,5.721,5.741,3726.28
1557216000,1557219599,5.749,5.749,5.73,5.739,1897.79
1557219600,1557223199,5.748,5.752,5.73,5.742,2202.73
1557223200,1557226799,5.739,5.8,5.739,5.774,6564.84
1557226800,1557230399,5.786,5.789,5.73,5.764,2657.02
1557230400,1557233999,5.765,5.8,5.765,5.79,3491.77
1557234000,1557237599,5.79,5.8,5.758,5.78,8858.26
1557237600,1557241199,5.8,5.8,5.5,5.61,39144.89
1557241200,1557244799,5.618,5.65,5.601,5.639,4308.39
1557244800,1557248399,5.641,5.657,5.63,5.645,4887.43
1557248400,1557251999,5.651,5.67,5.631,5.64,10322.55
1557252000,1557255599,5.641,5.65,5.63,5.644,3098.4
1557255600,1557259199,5.65,5.653,5.56,5.6,8395.34
1557259200,1557262799,5.608,5.668,5.607,5.621,4788.09
1557262800,1557266399,5.616,5.675,5.613,5.675,3045.67
1557266400,1557269999,5.675,5.675,5.619,5.665,4280.93
1557270000,1557273599,5.668,5.68,5.521,5.58,36760.5
1557273600,1557277199,5.58,5.61,5.505,5.57,33438.94
1557277200,1557280799,5.56,5.589,5.53,5.582,7833.95
1557280800,1557284399,5.588,5.601,5.56,5.568,2813.24
1557284400,1557287999,5.562,5.58,5.55,5.556,2258.14
1557288000,1557291599,5.562,5.612,5.55,5.612,3287.95
1557291600,1557295199,5.607,5.61,5.59,5.6,3144.25
1557295200,1557298799,5.6,5.624,5.586,5.588,11980.08
1557298800,1557302399,5.589,5.605,5.571,5.588,1492.89
1557302400,1557305999,5.594,5.61,5.562,5.579,2360.83
1557306000,1557309599,5.59,5.597,5.57,5.57,547.12
1557309600,1557313199,5.58,5.61,5.58,5.602,1616.92
1557313200,1557316799,5.603,5.631,5.582,5.6,3024.45
1557316800,1557320399,5.609,5.633,5.598,5.631,2040.87
1557320400,1557323999,5.633,5.668,5.631,5.668,2315.75
1557324000,1557327599,5.666,5.688,5.622,5.664,12188.17
1557327600,1557331199,5.657,5.699,5.647,5.68,6131.22
1557331200,1557334799,5.695,5.699,5.641,5.642,1871.17
1557334800,1557338399,5.659,5.697,5.641,5.66,6286.8
1557338400,1557341999,5.659,5.67,5.64,5.643,1629.78
1557342000,1557345599,5.65,5.68,5.64,5.651,1472.71
1557345600,1557349199,5.66,5.678,5.62,5.674,1618.32
1557349200,1557352799,5.674,5.69,5.64,5.688,7693.41
1557352800,1557356399,5.675,5.73,5.661,5.7,3898.81
1557356400,1557359999,5.7,5.721,5.607,5.673,7307.39
1557360000,1557363599,5.678,5.743,5.621,5.718,16315.79
1557363600,1557367199,5.71,5.748,5.697,5.73,12048.29
1557367200,1557370799,5.721,5.74,5.694,5.72,5074.56
1557370800,1557374399,5.72,5.72,5.681,5.71,2710.85
1557374400,1557377999,5.711,5.716,5.688,5.69,4654.6
1557378000,1557381599,5.706,5.713,5.624,5.638,4231.53
1557381600,1557385199,5.639,5.66,5.63,5.64,3514.24
1557385200,1557388799,5.649,5.65,5.62,5.64,2099.69
1557388800,1557392399,5.642,5.662,5.623,5.65,3734.4
1557392400,1557395999,5.65,5.664,5.622,5.631,519.04
1557396000,1557399599,5.646,5.656,5.634,5.644,5395.88
1557399600,1557403199,5.64,5.658,5.611,5.638,4252.14
1557403200,1557406799,5.64,5.64,5.55,5.579,5621.73
1557406800,1557410399,5.57,5.604,5.542,5.59,6588.19
1557410400,1557413999,5.59,5.59,5.551,5.552,6713.85
1557414000,1557417599,5.56,5.59,5.539,5.539,5883.92
1557417600,1557421199,5.541,5.562,5.529,5.557,3190.54
1557421200,1557424799,5.552,5.569,5.502,5.54,5988.81
1557424800,1557428399,5.54,5.546,5.46,5.478,12011.85
1557428400,1557431999,5.471,5.5,5.469,5.49,4916.81
1557432000,1557435599,5.49,5.532,5.458,5.532,7024.86
1557435600,1557439199,5.534,5.609,5.503,5.546,28446.69
1557439200,1557442799,5.548,5.566,5.5,5.527,10617.51
1557442800,1557446399,5.528,5.584,5.518,5.543,4889.36
1557446400,1557449999,5.543,5.563,5.491,5.491,8977.96
1557450000,1557453599,5.49,5.524,5.466,5.509,4732.37
1557453600,1557457199,5.519,5.546,5.476,5.516,12122.76
1557457200,1557460799,5.519,5.548,5.498,5.519,9494.36
1557460800,1557464399,5.51,5.688,5.508,5.66,20946.07
1557464400,1557467999,5.659,5.659,5.589,5.625,12051.52
1557468000,1557471599,5.629,5.645,5.601,5.639,5500.59
1557471600,1557475199,5.639,5.649,5.616,5.649,3883.76
1557475200,1557478799,5.648,5.665,5.539,5.546,2734.2
1557478800,1557482399,5.553,5.588,5.541,5.583,3056.28
1557482400,1557485999,5.58,5.59,5.56,5.56,2825.44
1557486000,1557489599,5.559,5.586,5.551,5.573,4569.9
1557489600,1557493199,5.571,5.58,5.553,5.554,3233.67
1557493200,1557496799,5.554,5.554,5.52,5.539,6690.39
1557496800,1557500399,5.53,5.54,5.497,5.51,5098.39
1557500400,1557503999,5.51,5.559,5.495,5.559,5519.89
1557504000,1557507599,5.55,5.568,5.514,5.55,9678.35
1557507600,1557511199,5.55,5.634,5.532,5.63,10053.55
1557511200,1557514799,5.63,5.644,5.576,5.599,17711.3
1557514800,1557518399,5.591,5.648,5.59,5.615,7928.36
1557518400,1557521999,5.628,5.667,5.56,5.616,8383.74
1557522000,1557525599,5.615,5.624,5.544,5.62,4063.74
1557525600,1557529199,5.609,5.648,5.595,5.637,4318.51
1557529200,1557532799,5.638,5.64,5.6,5.603,2457.62
1557532800,1557536399,5.603,5.64,5.603,5.629,5142.24
1557536400,1557539999,5.627,5.63,5.581,5.63,8904.74
1557540000,1557543599,5.629,5.639,5.582,5.602,10225.19
1557543600,1557547199,5.618,5.639,5.592,5.621,15590.82
1557547200,1557550799,5.628,5.649,5.581,5.591,22600.1
1557550800,1557554399,5.59,5.65,5.581,5.63,5407.73
1557554400,1557557999,5.622,5.71,5.621,5.66,13012.7
1557558000,1557561599,5.661,5.685,5.641,5.651,1872.42
1557561600,1557565199,5.651,5.867,5.64,5.8,26340.64
1557565200,1557568799,5.791,5.869,5.79,5.859,22986.91
1557568800,1557572399,5.854,6.039,5.842,5.99,35347.67
1557572400,1557575999,5.983,5.99,5.862,5.929,21917.5
1557576000,1557579599,5.929,5.929,5.813,5.845,25318.13
1557579600,1557583199,5.845,5.904,5.837,5.879,29949.02
1557583200,1557586799,5.879,6,5.816,5.999,27703.75
1557586800,1557590399,5.998,6.092,5.97,6.07,52847.41
1557590400,1557593999,6.07,6.2,6.003,6.153,51727.24
1557594000,1557597599,6.154,6.351,6.153,6.342,59238.49
1557597600,1557601199,6.351,6.37,6.175,6.27,45334.32
1557601200,1557604799,6.28,6.285,6.167,6.23,37972.52
1557604800,1557608399,6.22,6.317,6.178,6.251,23017.03
1557608400,1557611999,6.277,6.299,6.185,6.288,25463
1557612000,1557615599,6.288,6.33,6.205,6.313,66617.87
1557615600,1557619199,6.33,6.45,5.951,6.06,93246.96
1557619200,1557622799,6.056,6.197,5.857,5.91,88150.61
1557622800,1557626399,5.92,6.122,5.92,6.089,15184.56
1557626400,1557629999,6.089,6.111,5.98,5.988,16603.15
1557630000,1557633599,5.982,6.088,5.921,6.033,41412.89
1557633600,1557637199,6.024,6.155,6.024,6.09,12713.26
1557637200,1557640799,6.089,6.177,6.08,6.13,12709.42
1557640800,1557644399,6.14,6.169,6.08,6.15,20164.27
1557644400,1557647999,6.14,6.276,6.14,6.21,21110.85
1557648000,1557651599,6.208,6.22,5.963,6.119,72098.71
1557651600,1557655199,6.127,6.139,6.006,6.061,20995.75
1557655200,1557658799,6.04,6.07,5.911,5.966,7989.78
1557658800,1557662399,5.95,5.996,5.817,5.91,34399.88
1557662400,1557665999,5.911,5.934,5.87,5.92,10239.52
1557666000,1557669599,5.929,5.981,5.896,5.896,14331.6
1557669600,1557673199,5.909,5.933,5.769,5.771,12084.91
1557673200,1557676799,5.79,5.861,5.712,5.84,50790.15
1557676800,1557680399,5.83,5.874,5.82,5.85,24817.47
1557680400,1557683999,5.86,5.95,5.84,5.922,11798.34
1557684000,1557687599,5.93,5.97,5.912,5.93,10071.22
1557687600,1557691199,5.92,5.946,5.88,5.901,13122.31
1557691200,1557694799,5.917,5.941,5.9,5.901,4925.83
1557694800,1557698399,5.901,5.923,5.864,5.916,15616.37
1557698400,1557701999,5.92,5.92,5.849,5.86,8790.08
1557702000,1557705599,5.864,5.87,5.816,5.832,8191.61
1557705600,1557709199,5.835,5.928,5.789,5.91,8497.26
1557709200,1557712799,5.898,5.913,5.872,5.899,6331.14
1557712800,1557716399,5.893,5.906,5.871,5.894,6282.12
1557716400,1557719999,5.894,5.898,5.87,5.871,2555.18
1557720000,1557723599,5.88,5.96,5.864,5.96,12346.75
1557723600,1557727199,5.968,5.973,5.9,5.91,3612.74
1557727200,1557730799,5.911,5.958,5.911,5.94,1824.56
1557730800,1557734399,5.939,5.94,5.887,5.892,4603.06
1557734400,1557737999,5.902,5.92,5.887,5.91,1247.31
1557738000,1557741599,5.913,5.998,5.913,5.998,3652.37
1557741600,1557745199,5.99,6.1,5.96,6.09,9250.79
1557745200,1557748799,6.09,6.21,6.08,6.13,22215.11
1557748800,1557752399,6.12,6.15,6.089,6.122,15911.56
1557752400,1557755999,6.12,6.185,6.117,6.159,12439.43
1557756000,1557759599,6.159,6.259,6.137,6.221,27064.8
1557759600,1557763199,6.221,6.328,6.174,6.199,105332.28
1557763200,1557766799,6.199,6.268,6.159,6.219,49188.13
1557766800,1557770399,6.219,6.219,6.121,6.14,24390.28
1557770400,1557773999,6.146,6.209,6.095,6.172,32593.89
1557774000,1557777599,6.18,6.2,6.16,6.18,10380.56
1557777600,1557781199,6.18,6.197,6.134,6.174,7374.03
1557781200,1557784799,6.174,6.25,6.158,6.179,27078.05
1557784800,1557788399,6.181,6.219,6.073,6.074,27004.81
1557788400,1557791999,6.092,6.1,5.951,6.08,64863.65
1557792000,1557795599,6.08,6.132,6.059,6.13,22066.06
1557795600,1557799199,6.13,6.204,6.08,6.148,35984.4
1557799200,1557802799,6.146,6.46,6.123,6.379,110404.51
1557802800,1557806399,6.37,6.5,6.35,6.44,51990.51
1557806400,1557809999,6.439,6.53,6.382,6.529,33977.64
1557810000,1557813599,6.528,6.666,6.456,6.53,56610.57
1557813600,1557817199,6.53,6.727,6.509,6.7,21999.94
1557817200,1557820799,6.7,6.712,6.561,6.663,27567.36
1557820800,1557824399,6.669,6.67,6.302,6.379,32051.85
1557824400,1557827999,6.361,6.45,6.35,6.41,23338.36
1557828000,1557831599,6.391,6.444,6.327,6.439,13296.25
1557831600,1557835199,6.431,6.47,6.363,6.416,10943.89
1557835200,1557838799,6.41,6.488,6.41,6.47,20239.28
1557838800,1557842399,6.46,6.46,6.39,6.41,11321.83
1557842400,1557845999,6.41,6.604,6.38,6.519,42596.02
1557846000,1557849599,6.51,6.653,6.3,6.359,45138.67
1557849600,1557853199,6.359,6.45,6.24,6.43,34359.35
1557853200,1557856799,6.43,6.458,6.37,6.451,19639.23
1557856800,1557860399,6.442,6.442,6.299,6.32,43037.48
1557860400,1557863999,6.32,6.32,6.2,6.25,19913.39
1557864000,1557867599,6.267,6.32,6.203,6.25,14730.02
1557867600,1557871199,6.259,6.3,6.202,6.234,9643.93
1557871200,1557874799,6.252,6.484,6.244,6.469,13746.53
1557874800,1557878399,6.479,6.57,6.479,6.57,36458.99
1557878400,1557881999,6.57,6.643,6.481,6.534,38658.41
1557882000,1557885599,6.54,6.75,6.54,6.649,62551.45
1557885600,1557889199,6.645,6.694,6.554,6.67,27190.86
1557889200,1557892799,6.661,6.77,6.66,6.74,28493.99
1557892800,1557896399,6.747,6.761,6.706,6.726,15710.86
1557896400,1557899999,6.726,6.842,6.721,6.805,26835.76
1557900000,1557903599,6.79,6.944,6.781,6.81,26837.58
1557903600,1557907199,6.82,6.86,6.717,6.75,10335.22
1557907200,1557910799,6.77,6.84,6.73,6.759,5892.64
1557910800,1557914399,6.741,7.25,6.739,7.25,38002.66
1557914400,1557917999,7.27,7.365,7.089,7.21,60156.89
1557918000,1557921599,7.21,7.259,7.088,7.18,44454.44
1557921600,1557925199,7.18,7.253,7.01,7.16,47935.85
1557925200,1557928799,7.16,7.244,6.994,7.117,58156.94
1557928800,1557932399,7.118,7.225,7.07,7.157,33430.77
1557932400,1557935999,7.156,7.32,7.156,7.302,35392.6
1557936000,1557939599,7.317,7.6,7.24,7.563,114359.6
1557939600,1557943199,7.561,7.68,7.543,7.563,85949.46
1557943200,1557946799,7.563,7.631,7.431,7.47,72337.74
1557946800,1557950399,7.499,7.55,7.342,7.5,60764.65
1557950400,1557953999,7.51,7.53,7.402,7.413,27118.21
1557954000,1557957599,7.433,7.55,7.411,7.55,29485.03
1557957600,1557961199,7.55,7.64,7.472,7.604,30336.15
1557961200,1557964799,7.604,7.729,7.568,7.66,46663.13
1557964800,1557968399,7.651,7.999,7.611,7.964,112139.27
1557968400,1557971999,7.97,8.151,7.869,8.15,116136.98
1557972000,1557975599,8.161,8.677,8.096,8.52,284483.42
1557975600,1557979199,8.539,8.557,8.156,8.27,180855.99
1557979200,1557982799,8.26,8.269,7.517,7.82,176424.57
1557982800,1557986399,7.83,8.091,7.792,7.861,96850.99
1557986400,1557989999,7.861,8.099,7.85,8.099,43456.45
1557990000,1557993599,8.1,8.213,7.991,8.04,33306.66
1557993600,1557997199,8,8.14,7.941,7.97,12654.04
1557997200,1558000799,7.95,8.095,7.753,7.8,16937.99
1558000800,1558004399,7.81,7.88,6.94,7.38,149353.17
1558004400,1558007999,7.41,7.69,7.33,7.556,40903.47
1558008000,1558011599,7.559,7.67,7.32,7.42,38048.94
1558011600,1558015199,7.42,7.662,7.403,7.66,48431.59
1558015200,1558018799,7.668,8.019,7.661,8.014,76286
1558018800,1558022399,8.01,8.11,7.83,8.089,65687.51
1558022400,1558025999,8.08,8.097,7.635,7.777,74838.84
1558026000,1558029599,7.759,7.846,7.544,7.69,62447.31
1558029600,1558033199,7.69,7.798,7.575,7.65,38279.29
1558033200,1558036799,7.669,7.689,7.52,7.671,47944.5
1558036800,1558040399,7.68,7.76,7.427,7.427,28764.17
1558040400,1558043999,7.421,7.67,7.406,7.643,37647.83
1558044000,1558047599,7.642,7.686,7.557,7.557,15809.891866
1558047600,1558051199,7.56,7.689,7.559,7.67,7765.700781
1558051200,1558054799,7.67,7.828,7.659,7.78,21438.48268001
1558054800,1558058399,7.78,7.79,7.604,7.661,44166.61272563
1558058400,1558061999,7.66,7.731,7.25,7.354,81053.52276158
1558062000,1558065599,7.354,7.36,6.667,7.298,401003.42001133
1558065600,1558069199,7.273,7.416,7.09,7.146,57861.37602596
1558069200,1558072799,7.13,7.278,7.059,7.059,37191.36829025
1558072800,1558076399,7.059,7.129,6.971,7.04,25822.67832463
1558076400,1558079999,7.04,7.242,7.04,7.15,17494.14214414
1558080000,1558083599,7.15,7.242,7.06,7.19,7321.88026325
1558083600,1558087199,7.17,7.23,7.111,7.227,5326.11804146
1558087200,1558090799,7.23,7.24,7.027,7.127,14769.99880419
1558090800,1558094399,7.12,7.13,6.943,7.041,28238.22875058
1558094400,1558097999,7.049,7.099,6.802,7.08,60598.04856921
1558098000,1558101599,7.07,7.1,7.04,7.084,16501.95326193
1558101600,1558105199,7.095,7.175,7.061,7.08,17690.23864364
1558105200,1558108799,7.089,7.11,6.961,6.97,17264.15831587
1558108800,1558112399,6.97,7.09,6.845,6.95,39544.72466193
1558112400,1558115999,6.928,6.951,6.85,6.88,20735.99773055
1558116000,1558119599,6.88,6.898,6.771,6.84,33917.83138045
1558119600,1558123199,6.84,6.923,6.8,6.92,13791.1360659
1558123200,1558126799,6.92,6.92,6.801,6.897,17425.66227631
1558126800,1558130399,6.881,7.142,6.881,7.131,28131.57408132
1558130400,1558133999,7.14,7.197,7.13,7.148,36713.02418822
1558134000,1558137599,7.148,7.295,7.13,7.29,24418.10688929
1558137600,1558141199,7.288,7.368,7.2,7.209,16411.66735494
1558141200,1558144799,7.209,7.25,7.159,7.197,7586.0329842
1558144800,1558148399,7.198,7.278,7.197,7.239,15011.00982902
1558148400,1558151999,7.243,7.367,7.235,7.36,19251.32730807
1558152000,1558155599,7.368,7.397,7.274,7.302,11230.49143161
1558155600,1558159199,7.302,7.422,7.258,7.34,27553.1979922
1558159200,1558162799,7.35,7.354,7.271,7.28,5418.52471002
1558162800,1558166399,7.28,7.29,7.202,7.225,9262.55819591
1558166400,1558169999,7.225,7.277,7.199,7.221,5711.05884068
1558170000,1558173599,7.221,7.239,7.08,7.21,10990.94151431
1558173600,1558177199,7.201,7.25,7.19,7.19,3168.22751731
1558177200,1558180799,7.213,7.279,7.208,7.222,10270.3610682
1558180800,1558184399,7.221,7.297,7.164,7.217,5483.77008696
1558184400,1558187999,7.228,7.297,7.185,7.27,4440.95747695
1558188000,1558191599,7.277,7.399,7.274,7.38,6950.7394642
1558191600,1558195199,7.379,7.462,7.3,7.34,16376.50582763
1558195200,1558198799,7.33,7.468,7.27,7.394,43286.966225
1558198800,1558202399,7.391,7.4,7.254,7.289,13181.05963542
1558202400,1558205999,7.28,7.314,7.21,7.276,14128.1007003
1558206000,1558209599,7.261,7.307,7.2,7.2,7753.82818407
1558209600,1558213199,7.19,7.27,7.167,7.254,10406.24470913
1558213200,1558216799,7.255,7.3,7.182,7.271,9149.28713071
1558216800,1558220399,7.275,7.277,7.225,7.26,2615.90249662
1558220400,1558223999,7.25,7.276,7.16,7.16,11284.1893388
1558224000,1558227599,7.157,7.234,7.15,7.224,3377.42857573
1558227600,1558231199,7.223,7.49,7.22,7.49,25179.98388363
1558231200,1558234799,7.49,7.697,7.49,7.59,36071.57012053
1558234800,1558238399,7.578,7.818,7.553,7.76,47425.42272583
1558238400,1558241999,7.76,7.77,7.584,7.701,23827.67367302
1558242000,1558245599,7.71,7.764,7.612,7.655,13903.35142774
1558245600,1558249199,7.68,7.7,7.656,7.661,5413.35343136
1558249200,1558252799,7.67,7.83,7.661,7.801,11958.92085887
1558252800,1558256399,7.801,7.804,7.681,7.739,5706.15726749
1558256400,1558259999,7.738,7.85,7.714,7.839,6919.4234078
1558260000,1558263599,7.857,7.899,7.742,7.84,10598.32998905
1558263600,1558267199,7.828,7.889,7.705,7.77,13466.05480531
1558267200,1558270799,7.76,7.798,7.594,7.699,15598.42666742
1558270800,1558274399,7.7,7.702,7.601,7.611,12891.13025133
1558274400,1558277999,7.62,7.665,7.575,7.665,22531.73047294
1558278000,1558281599,7.668,7.736,7.61,7.661,21381.66702004
1558281600,1558285199,7.66,7.66,7.586,7.59,31260.30428964
1558285200,1558288799,7.605,7.67,7.6,7.67,53715.22145624
1558288800,1558292399,7.669,7.7,7.668,7.689,30160.24560196
1558292400,1558295999,7.688,7.75,7.671,7.672,33950.12017218
1558296000,1558299599,7.68,7.765,7.61,7.763,5391.91668407
1558299600,1558303199,7.763,7.826,7.745,7.804,22177.74938806
1558303200,1558306799,7.804,7.898,7.75,7.85,40615.31195475
1558306800,1558310399,7.84,7.909,7.77,7.79,31567.27644334
1558310400,1558313999,7.8,7.808,7.368,7.51,45212.39972475
1558314000,1558317599,7.52,7.546,7.42,7.525,21613.01944217
1558317600,1558321199,7.522,7.527,7.42,7.451,10991.10965905
1558321200,1558324799,7.453,7.611,7.45,7.588,21124.95146045
1558324800,1558328399,7.58,7.691,7.531,7.536,19194.93278422
1558328400,1558331999,7.529,7.541,7.443,7.523,3854.54459256
1558332000,1558335599,7.51,7.578,7.42,7.43,6852.85426381
1558335600,1558339199,7.441,7.48,7.38,7.394,6689.46695499
1558339200,1558342799,7.382,7.388,7.259,7.376,14668.33552606
1558342800,1558346399,7.37,7.39,7.27,7.373,11817.8927381
1558346400,1558349999,7.37,7.48,7.364,7.48,4347.30117231
1558350000,1558353599,7.48,7.49,7.306,7.317,16730.55250262
1558353600,1558357199,7.34,7.41,7.191,7.25,10978.11520926
1558357200,1558360799,7.247,7.294,7.114,7.281,14478.28682861
1558360800,1558364399,7.295,7.36,7.265,7.353,14571.95262666
1558364400,1558367999,7.35,7.395,7.276,7.387,14603.52188566
1558368000,1558371599,7.39,7.416,7.258,7.34,18429.94494231
1558371600,1558375199,7.331,7.39,7.276,7.28,8398.57742434
1558375200,1558378799,7.288,7.317,7.221,7.28,9355.48269701
1558378800,1558382399,7.29,7.373,7.281,7.36,4063.05581446
1558382400,1558385999,7.366,7.5,7.301,7.46,24515.41586305
1558386000,1558389599,7.464,7.596,7.453,7.462,23973.75683117
1558389600,1558393199,7.48,7.516,7.32,7.32,14597.52385642
1558393200,1558396799,7.35,7.44,7.34,7.42,5044.62159828
1558396800,1558400399,7.42,7.502,7.4,7.438,11666.43612152
1558400400,1558403999,7.43,7.472,7.42,7.439,9201.37140266
1558404000,1558407599,7.431,7.431,7.36,7.361,10250.82264685
1558407600,1558411199,7.362,7.388,7.337,7.35,8581.62458688
1558411200,1558414799,7.35,7.35,7.286,7.317,4217.37281934
1558414800,1558418399,7.316,7.35,7.287,7.339,2121.13570472
1558418400,1558421999,7.35,7.366,7.329,7.36,1223.9361156
1558422000,1558425599,7.36,7.42,7.36,7.362,9012.62689357
1558425600,1558429199,7.367,7.438,7.361,7.429,1352.02335674
1558429200,1558432799,7.41,7.49,7.41,7.461,2398.11651335
1558432800,1558436399,7.462,7.468,7.349,7.38,2193.65752801
1558436400,1558439999,7.38,7.407,7.255,7.319,12632.25973312
1558440000,1558443599,7.311,7.354,7.228,7.354,10675.69935801
1558443600,1558447199,7.355,7.542,7.33,7.361,19492.87919472
1558447200,1558450799,7.36,7.387,7.296,7.38,12959.06503824
1558450800,1558454399,7.38,7.444,7.301,7.377,11703.30668108
1558454400,1558457999,7.392,7.58,7.384,7.552,30488.82374409
1558458000,1558461599,7.558,7.671,7.55,7.621,24420.34807805
1558461600,1558465199,7.62,7.647,7.481,7.56,10194.78314225
1558465200,1558468799,7.54,7.56,7.502,7.542,10119.73606093
1558468800,1558472399,7.548,7.62,7.52,7.552,14687.42365555
1558472400,1558475999,7.576,7.589,7.484,7.496,7222.06146305
1558476000,1558479599,7.491,7.498,7.381,7.464,12515.51177007
1558479600,1558483199,7.463,7.502,7.413,7.42,5256.32731694
1558483200,1558486799,7.42,7.487,7.4,7.487,7562.97256648
1558486800,1558490399,7.505,7.522,7.421,7.43,8852.44374045
1558490400,1558493999,7.432,7.434,7.377,7.405,13276.70842372
1558494000,1558497599,7.405,7.446,7.38,7.429,2905.22476814
1558497600,1558501199,7.424,7.454,7.368,7.42,2838.50309647
1558501200,1558504799,7.426,7.454,7.419,7.434,4123.42233278
1558504800,1558508399,7.431,7.441,7.425,7.426,3050.68088287
1558508400,1558511999,7.425,7.426,7.381,7.39,6576.74309243
1558512000,1558515599,7.39,7.408,7.362,7.391,4768.68360773
1558515600,1558519199,7.393,7.4,7.31,7.329,1963.02473382
1558519200,1558522799,7.318,7.35,7.301,7.323,3423.28224999
1558522800,1558526399,7.322,7.322,7.141,7.24,28955.98414251
1558526400,1558529999,7.24,7.306,7.24,7.28,2546.58932035
1558530000,1558533599,7.28,7.324,7.243,7.319,4080.63811375
1558533600,1558537199,7.319,7.33,7.275,7.29,3839.1834868
1558537200,1558540799,7.294,7.441,7.28,7.38,19386.46389719
1558540800,1558544399,7.38,7.419,7.337,7.35,5594.48436523
1558544400,1558547999,7.357,7.38,7.261,7.299,8453.76326494
1558548000,1558551599,7.297,7.311,7.26,7.29,6910.80334879
1558551600,1558555199,7.29,7.297,7.26,7.29,3669.61950765
1558555200,1558558799,7.282,7.31,6.821,7.059,123909.70657203
1558558800,1558562399,7.059,7.088,6.816,6.888,32841.56395197
1558562400,1558565999,6.908,7.049,6.799,6.965,27084.37675066
1558566000,1558569599,6.962,7.004,6.883,6.91,14517.2774511
1558569600,1558573199,6.9,6.94,6.85,6.94,21068.44739227
1558573200,1558576799,6.944,6.981,6.91,6.95,13239.63657143
1558576800,1558580399,6.94,6.98,6.911,6.98,6654.54774655
1558580400,1558583999,6.976,6.998,6.93,6.965,7632.98843292
1558584000,1558587599,6.97,6.992,6.941,6.967,5174.73833933
1558587600,1558591199,6.966,6.974,6.856,6.87,5370.32942837
1558591200,1558594799,6.868,6.868,6.75,6.832,30757.99960765
1558594800,1558598399,6.832,6.849,6.745,6.798,5311.95353816
1558598400,1558601999,6.801,6.801,6.701,6.759,9150.78874378
1558602000,1558605599,6.75,6.77,6.671,6.77,14088.48892393
1558605600,1558609199,6.77,6.86,6.77,6.846,3167.49158547
1558609200,1558612799,6.84,6.859,6.77,6.77,5025.41794678
1558612800,1558616399,6.768,6.844,6.744,6.84,12075.93389786
1558616400,1558619999,6.84,6.9,6.81,6.88,5009.00405271
1558620000,1558623599,6.875,6.977,6.871,6.926,20104.5624558
1558623600,1558627199,6.921,6.98,6.893,6.91,15866.99080651
1558627200,1558630799,6.91,7.009,6.901,6.994,9526.30605324
1558630800,1558634399,6.991,7.053,6.905,6.929,27227.11167606
1558634400,1558637999,6.91,6.97,6.91,6.94,2998.57928878
1558638000,1558641599,6.945,6.96,6.925,6.956,3055.94101962
1558641600,1558645199,6.96,7.03,6.92,7.017,6014.36849139
1558645200,1558648799,7.012,7.05,6.956,7.015,6905.48788938
1558648800,1558652399,7.016,7.13,7.005,7.058,9675.80208356
1558652400,1558655999,7.058,7.12,7.012,7.081,4571.29598323
1558656000,1558659599,7.1,7.109,7.035,7.106,4097.8443242
1558659600,1558663199,7.105,7.17,7.061,7.099,9242.28715204
1558663200,1558666799,7.1,7.169,7.082,7.14,10061.41680603
1558666800,1558670399,7.14,7.15,7.082,7.138,6649.93080598
1558670400,1558673999,7.135,7.147,7.088,7.099,2881.69972185
1558674000,1558677599,7.1,7.108,7.0,7.019,4706.37925257
1558677600,1558681199,7.02,7.13,6.975,7.13,5781.20427685
1558681200,1558684799,7.139,7.23,7.12,7.211,19797.21426741
1558684800,1558688399,7.212,7.316,7.18,7.196,15488.08553808
1558688400,1558691999,7.196,7.229,7.161,7.186,3892.18151013
1558692000,1558695599,7.199,7.249,7.18,7.23,11157.91255737
1558695600,1558699199,7.223,7.35,7.1,7.201,52208.86456713
1558699200,1558702799,7.219,7.29,7.184,7.28,11458.30658125
1558702800,1558706399,7.274,7.29,7.22,7.236,10026.05252543
1558706400,1558709999,7.24,7.328,7.212,7.318,9075.9052269
1558710000,1558713599,7.32,7.369,7.28,7.331,13634.13025482
1558713600,1558717199,7.339,7.441,7.336,7.429,18489.18940893
1558717200,1558720799,7.43,7.446,7.325,7.36,9068.28580013
1558720800,1558724399,7.36,7.439,7.331,7.39,17881.16292348
1558724400,1558727999,7.39,7.42,7.3,7.416,6649.53590894
1558728000,1558731599,7.41,7.42,7.387,7.418,5908.37180129
1558731600,1558735199,7.42,7.44,7.371,7.39,11210.27468992
1558735200,1558738799,7.387,7.429,7.336,7.364,6872.71647633
1558738800,1558742399,7.37,7.38,7.25,7.32,10261.38562651
1558742400,1558745999,7.313,7.339,7.231,7.266,7615.53844714
1558746000,1558749599,7.279,7.364,7.257,7.321,8924.3731491
1558749600,1558753199,7.32,7.329,7.278,7.31,3638.61224864
1558753200,1558756799,7.309,7.352,7.3,7.3,3299.84736603
1558756800,1558760399,7.301,7.33,7.283,7.299,2884.59951533
1558760400,1558763999,7.296,7.31,7.194,7.194,6756.8630181
1558764000,1558767599,7.205,7.248,7.181,7.21,2669.55772791
1558767600,1558771199,7.218,7.269,7.192,7.255,2100.14150551
1558771200,1558774799,7.262,7.321,7.206,7.316,5721.02293705
1558774800,1558778399,7.32,7.337,7.274,7.331,4169.52537823
1558778400,1558781999,7.33,7.389,7.33,7.37,3108.27978559
1558782000,1558785599,7.379,7.4,7.281,7.34,4159.07816908
1558785600,1558789199,7.342,7.354,7.286,7.31,8727.6401176
1558789200,1558792799,7.306,7.306,7.25,7.271,4727.42426684
1558792800,1558796399,7.287,7.3,7.223,7.299,4921.62734309
1558796400,1558799999,7.298,7.315,7.26,7.288,2593.74367933
1558800000,1558803599,7.28,7.295,7.212,7.247,3481.6013688
1558803600,1558807199,7.248,7.273,7.212,7.273,4336.79776004
1558807200,1558810799,7.272,7.312,7.221,7.226,8069.4592002
1558810800,1558814399,7.24,7.258,7.2,7.241,4735.02546949
1558814400,1558817999,7.241,7.29,7.241,7.268,4251.84521663
1558818000,1558821599,7.271,7.337,7.24,7.304,6201.32954541
1558821600,1558825199,7.305,7.321,7.29,7.306,6275.49015282
1558825200,1558828799,7.31,7.325,7.29,7.311,2811.84883769
1558828800,1558832399,7.32,7.324,7.291,7.3,2020.73659182
1558832400,1558835999,7.309,7.31,7.237,7.27,2455.78559692
1558836000,1558839599,7.27,7.285,7.2,7.221,3539.16505574
1558839600,1558843199,7.21,7.24,7.2,7.203,19855.9200052
1558843200,1558846799,7.203,7.25,7.18,7.246,5583.12987042
1558846800,1558850399,7.25,7.262,7.15,7.168,14197.80405896
1558850400,1558853999,7.169,7.199,7.15,7.179,11787.58546953
1558854000,1558857599,7.179,7.2,7.16,7.19,1146.44656897
1558857600,1558861199,7.19,7.21,7.172,7.206,1630.19547111
1558861200,1558864799,7.21,7.234,7.195,7.23,3484.10445828
1558864800,1558868399,7.223,7.223,7.155,7.191,4044.30780723
1558868400,1558871999,7.191,7.191,7.15,7.151,18753.71429408
1558872000,1558875599,7.159,7.21,7.15,7.201,4268.2278086
1558875600,1558879199,7.19,7.239,7.163,7.228,2149.70708158
1558879200,1558882799,7.23,7.242,7.151,7.221,9978.30372263
1558882800,1558886399,7.23,7.249,7.201,7.24,1146.6162172
1558886400,1558889999,7.239,7.249,7.21,7.22,689.05783263
1558890000,1558893599,7.22,7.248,7.211,7.239,2090.29853426
1558893600,1558897199,7.234,7.249,7.222,7.245,4235.69133753
1558897200,1558900799,7.245,7.53,7.244,7.509,60568.42141572
1558900800,1558904399,7.509,7.654,7.429,7.572,58669.86433287
1558904400,1558907999,7.572,7.75,7.515,7.678,52386.24334032
1558908000,1558911599,7.694,7.829,7.581,7.657,52809.53771807
1558911600,1558915199,7.66,7.74,7.641,7.711,17375.27605921
1558915200,1558918799,7.71,7.867,7.672,7.821,48732.47691162
1558918800,1558922399,7.84,7.847,7.7,7.749,38847.8778812
1558922400,1558925999,7.741,7.76,7.606,7.692,39824.0977917
1558926000,1558929599,7.72,7.846,7.711,7.814,17598.40068801
1558929600,1558933199,7.814,7.814,7.711,7.711,19903.28400386
1558933200,1558936799,7.715,7.78,7.686,7.751,7326.46288017
1558936800,1558940399,7.75,7.799,7.741,7.799,2073.7241097
1558940400,1558943999,7.799,7.82,7.74,7.759,6048.74254151
1558944000,1558947599,7.736,7.763,7.711,7.734,4107.74441708
1558947600,1558951199,7.736,7.77,7.726,7.755,6855.81714913
1558951200,1558954799,7.744,7.76,7.687,7.749,11295.25769223
1558954800,1558958399,7.738,7.759,7.699,7.721,9366.15269491
1558958400,1558961999,7.721,7.92,7.72,7.92,12312.69433453
1558962000,1558965599,7.92,7.957,7.778,7.854,25721.38722955
1558965600,1558969199,7.856,7.948,7.82,7.88,18839.3085459
1558969200,1558972799,7.897,8.0,7.885,7.929,25774.76959182
1558972800,1558976399,7.92,8.291,7.616,7.72,127197.70910646
1558976400,1558979999,7.72,7.83,7.682,7.797,63818.37007592
1558980000,1558983599,7.78,7.939,7.73,7.899,20642.29090826
1558983600,1558987199,7.91,7.93,7.828,7.89,13316.35848217
1558987200,1558990799,7.886,7.936,7.786,7.87,12609.31483497
1558990800,1558994399,7.855,7.916,7.796,7.894,12375.19361134
1558994400,1558997999,7.902,8.029,7.87,8.029,10983.54658811
1558998000,1559001599,8.028,8.4,8.028,8.131,107457.48944669
1559001600,1559005199,8.15,8.3,8.03,8.067,40448.79330277
1559005200,1559008799,8.045,8.295,8.041,8.23,22198.69411744
1559008800,1559012399,8.24,8.495,8.228,8.4,56996.38661321
1559012400,1559015999,8.39,8.41,8.262,8.3,23331.68468224
1559016000,1559019599,8.3,8.448,8.3,8.36,18382.84494673
1559019600,1559023199,8.36,8.39,8.1,8.3,41638.97243242
1559023200,1559026799,8.3,8.3,8.111,8.218,7773.28457383
1559026800,1559030399,8.24,8.272,8.15,8.26,10759.738321
1559030400,1559033999,8.269,8.35,8.24,8.35,7417.44857842
1559034000,1559037599,8.36,8.435,8.281,8.39,15843.19300067
1559037600,1559041199,8.38,8.38,8.255,8.3,8081.53441971
1559041200,1559044799,8.31,8.426,8.277,8.409,12272.40396455
1559044800,1559048399,8.381,8.418,8.261,8.29,13682.50274376
1559048400,1559051999,8.29,8.31,8.008,8.161,39787.89558472
1559052000,1559055599,8.169,8.232,8.116,8.2,15701.41681665
1559055600,1559059199,8.21,8.216,8.053,8.16,21200.31167794
1559059200,1559062799,8.16,8.174,8.002,8.095,26421.76554328
1559062800,1559066399,8.09,8.25,8.064,8.185,20202.76631361
1559066400,1559069999,8.185,8.25,8.131,8.24,19244.2385427
1559070000,1559073599,8.24,8.28,8.124,8.16,16130.83605833
1559073600,1559077199,8.16,8.226,8.12,8.191,8892.11597085
1559077200,1559080799,8.177,8.246,8.17,8.238,7104.94968133
1559080800,1559084399,8.237,8.256,8.19,8.229,5546.78837777
1559084400,1559087999,8.229,8.279,8.2,8.219,5650.0830553
1559088000,1559091599,8.217,8.24,8.132,8.149,10518.40645634
1559091600,1559095199,8.149,8.18,8.08,8.099,6329.65505863
1559095200,1559098799,8.099,8.1,7.959,7.996,18168.98343001
1559098800,1559102399,7.991,8.03,7.919,7.99,22701.3705151
1559102400,1559105999,7.992,8.0,7.76,7.889,25100.44630149
1559106000,1559109599,7.882,7.899,7.661,7.759,28069.80713945
1559109600,1559113199,7.759,7.907,7.71,7.87,9931.45635532
1559113200,1559116799,7.87,7.94,7.87,7.9,6281.13790739
1559116800,1559120399,7.906,8.064,7.89,8.014,3931.32806419
1559120400,1559123999,8.037,8.05,7.994,8.05,5249.10484255
1559124000,1559127599,8.05,8.146,8.026,8.11,11073.15433289
1559127600,1559131199,8.111,8.127,7.963,7.989,10486.05065222
1559131200,1559134799,7.99,8.1,7.99,8.1,6745.17217573
1559134800,1559138399,8.1,8.29,8.073,8.245,23117.5110037
1559138400,1559141999,8.245,8.429,8.244,8.31,30838.80993849
1559142000,1559145599,8.301,8.409,8.29,8.321,24068.1550465
1559145600,1559149199,8.359,8.428,8.244,8.408,21317.48969485
1559149200,1559152799,8.4,8.4,8.289,8.307,7668.32358992
1559152800,1559156399,8.321,8.349,8.281,8.31,8897.7149297
1559156400,1559159999,8.319,8.329,8.251,8.326,8164.50991141
1559160000,1559163599,8.33,8.35,8.236,8.254,8543.35042077
1559163600,1559167199,8.264,8.299,8.239,8.258,10822.87411256
1559167200,1559170799,8.25,8.345,8.139,8.25,29939.292879
1559170800,1559174399,8.25,8.28,8.16,8.191,11176.10659211
1559174400,1559177999,8.2,8.39,8.1,8.38,16414.65936648
1559178000,1559181599,8.38,8.439,8.196,8.29,22433.46699173
1559181600,1559185199,8.252,8.3,8.18,8.259,8158.14714697
1559185200,1559188799,8.267,8.567,8.178,8.5,63051.3493349
1559188800,1559192399,8.5,8.899,8.48,8.773,103596.69497236
1559192400,1559195999,8.75,8.782,8.541,8.61,40700.67460434
1559196000,1559199599,8.63,8.729,8.603,8.68,17233.16951558
1559199600,1559203199,8.68,8.69,8.582,8.598,6344.528138
1559203200,1559206799,8.59,8.65,8.52,8.59,8767.71953982
1559206800,1559210399,8.585,8.62,8.52,8.581,5548.69242859
1559210400,1559213999,8.588,8.768,8.58,8.73,14093.29959066
1559214000,1559217599,8.731,8.797,8.651,8.73,19414.37922357
1559217600,1559221199,8.729,8.742,8.64,8.67,10894.23633019
1559221200,1559224799,8.69,8.776,8.66,8.716,13490.97726555
1559224800,1559228399,8.71,8.785,8.615,8.66,24887.40886211
1559228400,1559231999,8.67,8.809,8.631,8.77,32397.10434031
1559232000,1559235599,8.77,8.85,8.38,8.46,79422.05043663
1559235600,1559239199,8.46,8.46,8.217,8.42,55860.49811984
1559239200,1559242799,8.41,8.574,8.37,8.51,21179.16415124
1559242800,1559246399,8.51,8.53,8.386,8.418,21400.51378113
1559246400,1559249999,8.4,8.4,8.107,8.194,73373.75083753
1559250000,1559253599,8.176,8.218,7.701,7.885,95675.6874189
1559253600,1559257199,7.882,8.25,7.88,8.1,44958.89461359
1559257200,1559260799,8.1,8.183,8.034,8.08,13930.72748021
1559260800,1559264399,8.083,8.221,8.074,8.19,18530.93714855
1559264400,1559267999,8.19,8.313,8.182,8.211,16405.17836246
1559268000,1559271599,8.22,8.255,8.103,8.12,100746.24875072
1559271600,1559275199,8.11,8.125,8.003,8.081,38301.77883547
1559275200,1559278799,8.11,8.131,7.872,7.929,18675.44435293
1559278800,1559282399,7.92,8.04,7.87,8.002,12284.1403329
1559282400,1559285999,8.02,8.08,8.0,8.078,2529.35949818
1559286000,1559289599,8.084,8.092,7.956,8.01,4089.43611609
1559289600,1559293199,8.024,8.048,7.96,7.972,2461.83494607
1559293200,1559296799,7.98,8.071,7.97,8.059,2867.52431129
1559296800,1559300399,8.054,8.282,8.054,8.185,13691.51720659
1559300400,1559303999,8.145,8.16,8.066,8.14,4575.35785903
1559304000,1559307599,8.14,8.349,8.13,8.349,6846.3448639
1559307600,1559311199,8.347,8.49,8.33,8.45,25449.44760411
1559311200,1559314799,8.44,8.49,8.32,8.411,10651.38047477
1559314800,1559318399,8.44,8.44,8.229,8.278,8454.67540296
1559318400,1559321999,8.26,8.42,8.17,8.32,15905.64933706
1559322000,1559325599,8.32,8.394,8.293,8.317,5680.88547065
1559325600,1559329199,8.32,8.41,8.308,8.35,9207.76658665
1559329200,1559332799,8.35,8.4,8.319,8.386,5021.92521823
1559332800,1559336399,8.38,8.47,8.367,8.47,12414.7331316
1559336400,1559339999,8.471,8.534,8.422,8.517,23519.4312959
1559340000,1559343599,8.502,8.525,8.416,8.525,7709.49429427
1559343600,1559347199,8.52,8.764,8.52,8.65,34540.76420559
1559347200,1559350799,8.659,8.712,8.518,8.689,9455.08083675
1559350800,1559354399,8.7,8.7,8.602,8.654,12086.72925214
1559354400,1559357999,8.648,8.778,8.616,8.76,9906.96631411
1559358000,1559361599,8.758,8.85,8.75,8.801,25422.08864278
1559361600,1559365199,8.796,8.839,8.7,8.779,16459.12915604
1559365200,1559368799,8.777,8.777,8.42,8.56,14350.07112605
1559368800,1559372399,8.531,8.716,8.427,8.679,21745.20771929
1559372400,1559375999,8.679,8.799,8.609,8.77,5386.37081936
1559376000,1559379599,8.77,8.81,8.68,8.81,2665.9507682
1559379600,1559383199,8.817,8.9,8.766,8.84,18082.52572774
1559383200,1559386799,8.85,8.878,8.71,8.72,4658.18550797
1559386800,1559390399,8.75,8.83,8.701,8.74,4507.85300615
1559390400,1559393999,8.75,8.8,8.71,8.738,7593.21518568
1559394000,1559397599,8.72,8.74,8.623,8.656,4873.59704925
1559397600,1559401199,8.65,8.714,8.471,8.548,10734.71060062
1559401200,1559404799,8.548,8.7,8.508,8.67,3007.65614254
1559404800,1559408399,8.66,8.799,8.66,8.77,7660.64331548
1559408400,1559411999,8.75,8.77,8.57,8.625,16752.9845218
1559412000,1559415599,8.62,8.718,8.575,8.61,8635.82664101
1559415600,1559419199,8.61,8.64,8.51,8.59,9282.32012458
1559419200,1559422799,8.6,8.664,8.57,8.615,2917.0789743
1559422800,1559426399,8.643,8.749,8.626,8.73,3073.4259523
1559426400,1559429999,8.732,8.746,8.627,8.67,5303.09060262
1559430000,1559433599,8.678,8.71,8.501,8.63,10919.27688309
1559433600,1559437199,8.59,8.75,8.572,8.666,4146.67662847
1559437200,1559440799,8.68,8.753,8.656,8.7,3131.44651723
1559440800,1559444399,8.685,8.749,8.632,8.641,2812.90275459
1559444400,1559447999,8.636,8.68,8.58,8.61,1918.79871792
1559448000,1559451599,8.61,8.75,8.61,8.741,5751.12560391
1559451600,1559455199,8.741,8.858,8.683,8.857,10951.83420494
1559455200,1559458799,8.85,9.339,8.83,9.23,91919.30349228
1559458800,1559462399,9.215,9.36,9.077,9.267,22112.26568683
1559462400,1559465999,9.293,9.42,9.237,9.316,29361.53037765
1559466000,1559469599,9.316,9.359,9.201,9.3,19932.2195259
1559469600,1559473199,9.307,9.331,9.198,9.269,5647.58173342
1559473200,1559476799,9.27,9.297,9.186,9.234,15474.80674915
1559476800,1559480399,9.24,9.297,9.125,9.18,14616.10424292
1559480400,1559483999,9.178,9.2,9.01,9.18,29781.59548707
1559484000,1559487599,9.178,9.35,9.16,9.233,25289.50926436
1559487600,1559491199,9.26,9.417,9.26,9.298,23098.46863496
1559491200,1559494799,9.29,9.68,9.21,9.46,77466.64629166
1559494800,1559498399,9.46,9.529,9.3,9.34,33848.94010512
1559498400,1559501999,9.32,9.466,9.251,9.403,27310.25656204
1559502000,1559505599,9.402,9.441,9.335,9.4,13548.07662431
1559505600,1559509199,9.391,9.47,9.335,9.39,10920.54434294
1559509200,1559512799,9.42,9.5,9.387,9.475,13985.2240276
1559512800,1559516399,9.45,9.588,9.385,9.57,13842.26972132
1559516400,1559519999,9.57,9.641,9.522,9.55,23617.57215024
1559520000,1559523599,9.54,9.56,9.35,9.435,14160.12351023
1559523600,1559527199,9.435,9.5,9.35,9.45,9886.18249791
1559527200,1559530799,9.45,9.499,9.311,9.335,34599.55241558
1559530800,1559534399,9.317,9.494,9.31,9.439,11828.2780962
1559534400,1559537999,9.439,9.5,9.39,9.48,9306.34965195
1559538000,1559541599,9.475,9.54,9.35,9.43,28644.26430142
1559541600,1559545199,9.45,9.52,9.25,9.28,22857.09853091
1559545200,1559548799,9.32,9.33,9.02,9.257,22438.56166902
1559548800,1559552399,9.26,9.427,9.259,9.35,6165.88678288
1559552400,1559555999,9.354,9.404,9.28,9.37,14587.37770733
1559556000,1559559599,9.361,9.527,9.36,9.51,15814.46985941
1559559600,1559563199,9.51,9.86,9.49,9.681,69097.25423552
1559563200,1559566799,9.681,9.805,9.568,9.695,28008.80714609
1559566800,1559570399,9.69,9.708,9.45,9.5,42988.02194031
1559570400,1559573999,9.51,9.705,9.39,9.48,55326.67277375
1559574000,1559577599,9.48,9.715,9.39,9.64,48632.98580628
1559577600,1559581199,9.639,9.66,9.498,9.52,12255.83182225
1559581200,1559584799,9.52,9.597,9.371,9.49,60810.3844269
1559584800,1559588399,9.481,9.576,9.47,9.5,19039.23405504
1559588400,1559591999,9.49,9.49,9.385,9.41,15202.23344332
1559592000,1559595599,9.42,9.522,9.4,9.452,12361.39275857
1559595600,1559599199,9.488,9.589,9.427,9.5,11279.54963326
1559599200,1559602799,9.514,9.78,9.478,9.75,34431.06168195
1559602800,1559606399,9.75,9.758,9.292,9.36,139344.27667353
1559606400,1559609999,9.331,9.331,8.65,9.01,205405.9954801
1559610000,1559613599,9.02,9.261,8.984,9.06,57105.88942439
1559613600,1559617199,9.08,9.149,8.975,9.1,35464.03176711
1559617200,1559620799,9.101,9.127,8.761,8.761,33898.70318568
1559620800,1559624399,8.8,9.024,8.79,8.985,30038.42881601
1559624400,1559627999,8.99,9.05,8.953,9.014,15492.07019148
1559628000,1559631599,9.01,9.01,8.779,8.797,39210.74212371
1559631600,1559635199,8.83,8.904,8.751,8.89,8061.83104526
1559635200,1559638799,8.889,9.085,8.881,8.995,7346.82629521
1559638800,1559642399,9.03,9.039,8.759,8.96,20179.49767359
1559642400,1559645999,8.944,9.0,8.875,8.93,5071.77026586
1559646000,1559649599,8.939,8.946,8.82,8.918,8179.00821617
1559649600,1559653199,8.883,8.993,8.86,8.95,11339.44545013
1559653200,1559656799,8.959,9.187,8.95,9.15,13959.82213565
1559656800,1559660399,9.13,9.181,9.031,9.059,23375.61877721
1559660400,1559663999,9.059,9.08,8.904,8.969,24736.23516849
1559664000,1559667599,8.969,9.078,8.91,8.98,13045.78422721
1559667600,1559671199,8.98,9.0,8.2,8.313,194276.19023656
1559671200,1559674799,8.279,8.436,7.978,8.011,96536.94688483
1559674800,1559678399,8.01,8.05,7.501,7.71,265417.11477489
1559678400,1559681999,7.74,7.976,7.631,7.954,64336.34885628
1559682000,1559685599,7.954,8.016,7.741,7.766,41943.72296535
1559685600,1559689199,7.764,8.174,7.698,8.064,44255.49358171
1559689200,1559692799,8.08,8.65,8.051,8.409,80309.26614648
1559692800,1559696399,8.41,8.55,8.236,8.275,36709.28294288
1559696400,1559699999,8.279,8.456,8.22,8.34,26805.61244673
1559700000,1559703599,8.27,8.4,8.251,8.38,18432.42403048
1559703600,1559707199,8.385,8.388,8.19,8.2,16718.74644755
1559707200,1559710799,8.21,8.276,8.09,8.24,15980.86190961
1559710800,1559714399,8.228,8.288,8.12,8.14,12005.45953919
1559714400,1559717999,8.126,8.158,7.931,8.017,8814.67033168
1559718000,1559721599,8.02,8.327,7.971,8.23,17847.96073983
1559721600,1559725199,8.23,8.273,8.1,8.17,4308.85816813
1559725200,1559728799,8.166,8.268,8.15,8.22,11449.08908045
1559728800,1559732399,8.24,8.337,8.131,8.33,4713.40805837
1559732400,1559735999,8.31,8.4,8.15,8.192,9108.17139761
1559736000,1559739599,8.21,8.3,8.09,8.12,8376.1933751
1559739600,1559743199,8.12,8.22,8.07,8.099,9527.50600691
1559743200,1559746799,8.099,8.118,7.91,7.95,23721.45007516
1559746800,1559750399,7.98,8.012,7.81,7.966,14532.13437518
1559750400,1559753999,7.96,8.22,7.96,8.149,15173.01461158
1559754000,1559757599,8.11,8.25,8.056,8.25,20162.6891315
1559757600,1559761199,8.19,8.19,8.041,8.077,10574.88187207
1559761200,1559764799,8.078,8.25,8.078,8.13,27148.59800551
1559764800,1559768399,8.13,8.28,8.0,8.073,25260.53992147
1559768400,1559771999,8.073,8.11,8.022,8.07,4955.8676328
1559772000,1559775599,8.052,8.23,8.049,8.18,5361.17259584
1559775600,1559779199,8.18,8.22,8.133,8.199,7411.63016672
1559779200,1559782799,8.191,8.25,8.073,8.148,20222.56336976
1559782800,1559786399,8.149,8.254,8.121,8.22,5889.00250146
1559786400,1559789999,8.22,8.234,8.1,8.13,12615.21035663
1559790000,1559793599,8.13,8.208,8.13,8.16,7847.37462403
1559793600,1559797199,8.16,8.16,8.101,8.111,7309.67074033
1559797200,1559800799,8.13,8.137,8.009,8.019,13735.8199624
1559800800,1559804399,8.019,8.077,8.01,8.068,2835.44733988
1559804400,1559807999,8.069,8.078,7.968,7.97,8902.90407451
1559808000,1559811599,7.97,8.012,7.931,7.979,8634.29999806
1559811600,1559815199,7.978,8.0,7.901,7.93,1915.01690587
1559815200,1559818799,7.92,7.965,7.91,7.93,3957.85181018
1559818800,1559822399,7.94,8.04,7.937,8.04,6777.90854393
1559822400,1559825999,8.03,8.04,7.856,7.874,13632.85992779
1559826000,1559829599,7.88,7.904,7.726,7.857,25008.09015756
1559829600,1559833199,7.856,7.856,7.676,7.78,16254.46080168
1559833200,1559836799,7.75,7.839,7.7,7.795,20521.87691591
1559836800,1559840399,7.79,7.828,7.602,7.75,44352.09612009
1559840400,1559843999,7.75,7.787,7.6,7.624,22606.9322237
1559844000,1559847599,7.624,7.64,7.331,7.532,42506.52393716
1559847600,1559851199,7.53,7.59,7.494,7.57,18227.26719426
1559851200,1559854799,7.553,7.753,7.505,7.722,18292.89475828
1559854800,1559858399,7.74,7.94,7.72,7.844,20517.31578422
1559858400,1559861999,7.846,7.9,7.763,7.85,24611.16493759
1559862000,1559865599,7.867,8.16,7.85,8.021,36240.28352308
1559865600,1559869199,8.05,8.09,7.92,7.92,19905.67063811
1559869200,1559872799,7.94,8.005,7.91,7.98,7933.26470151
1559872800,1559876399,7.986,7.999,7.87,7.889,14562.26036641
1559876400,1559879999,7.889,7.996,7.87,7.98,8259.00241968
1559880000,1559883599,7.98,8.2,7.936,7.96,12930.52254484
1559883600,1559887199,7.97,8.0,7.9,7.929,4856.44460315
1559887200,1559890799,7.921,8.135,7.9,8.099,21185.98016572
1559890800,1559894399,8.1,8.135,8.019,8.03,6258.35912915
1559894400,1559897999,8.034,8.114,8.001,8.046,2874.26334763
1559898000,1559901599,8.049,8.081,7.958,7.99,4872.81974732
1559901600,1559905199,7.981,8.063,7.97,7.99,3446.6603002
1559905200,1559908799,7.993,8.047,7.902,7.93,9582.13122124
1559908800,1559912399,7.91,8.072,7.91,8.034,6274.55439207
1559912400,1559915999,8.034,8.1,8.011,8.1,9951.09555797
1559916000,1559919599,8.09,8.173,8.018,8.04,8134.83100327
1559919600,1559923199,8.04,8.132,8.04,8.12,6437.40306705
1559923200,1559926799,8.128,8.46,8.112,8.26,40738.33549569
1559926800,1559930399,8.251,8.488,8.251,8.429,25534.34612455
1559930400,1559933999,8.429,8.461,8.321,8.41,21316.756972
1559934000,1559937599,8.41,8.419,8.27,8.272,52248.19517583
1559937600,1559941199,8.28,8.328,8.27,8.295,14307.87895224
1559941200,1559944799,8.278,8.343,8.188,8.221,20955.57220419
1559944800,1559948399,8.221,8.469,8.221,8.44,17065.12555973
1559948400,1559951999,8.45,8.47,8.272,8.349,8440.14552648
1559952000,1559955599,8.35,8.41,8.299,8.36,4459.60279905
1559955600,1559959199,8.38,8.474,8.308,8.39,11351.82757554
1559959200,1559962799,8.38,8.474,8.334,8.45,5157.40719316
1559962800,1559966399,8.45,8.842,8.434,8.599,53359.06452451
1559966400,1559969999,8.6,8.736,8.58,8.685,9983.4200458
1559970000,1559973599,8.672,8.719,8.59,8.63,6942.0886514
1559973600,1559977199,8.63,8.63,8.407,8.419,11074.34811962
1559977200,1559980799,8.41,8.58,8.341,8.56,13929.27747567
1559980800,1559984399,8.56,8.6,8.517,8.6,2325.00276273
1559984400,1559987999,8.609,8.649,8.532,8.637,3096.01210291
1559988000,1559991599,8.649,8.649,8.54,8.569,2776.88081656
1559991600,1559995199,8.569,8.599,8.53,8.59,3718.52719874
1559995200,1559998799,8.6,8.63,8.471,8.531,7697.69637402
1559998800,1560002399,8.531,8.55,8.38,8.449,3168.62419052
1560002400,1560005999,8.449,8.449,8.34,8.409,3847.03189889
1560006000,1560009599,8.4,8.457,8.3,8.398,10552.1697408
1560009600,1560013199,8.4,8.4,8.16,8.189,29669.26304811
1560013200,1560016799,8.189,8.271,8.076,8.249,13197.50202406
1560016800,1560020399,8.23,8.308,8.17,8.17,5332.43603478
1560020400,1560023999,8.19,8.25,8.11,8.227,6636.05520424
1560024000,1560027599,8.23,8.356,8.21,8.3,6846.34132571
1560027600,1560031199,8.301,8.4,8.3,8.305,9594.16258901
1560031200,1560034799,8.325,8.477,8.316,8.41,7981.85147373
1560034800,1560038399,8.41,8.515,8.41,8.43,5963.1878848
1560038400,1560041999,8.43,8.496,8.229,8.28,7282.26530527
1560042000,1560045599,8.3,8.329,8.256,8.271,1343.05232801
1560045600,1560049199,8.27,8.32,8.193,8.193,8622.18294664
1560049200,1560052799,8.22,8.386,8.22,8.362,1462.40036506
1560052800,1560056399,8.37,8.38,8.316,8.34,1611.55504761
1560056400,1560059999,8.335,8.34,8.31,8.339,953.35685329
1560060000,1560063599,8.335,8.417,8.33,8.39,2442.92231372
1560063600,1560067199,8.37,8.542,8.34,8.509,4874.87385843
1560067200,1560070799,8.5,8.55,8.428,8.461,3289.99680749
1560070800,1560074399,8.471,8.479,8.35,8.379,860.22564978
1560074400,1560077999,8.383,8.411,8.343,8.36,1814.81525303
1560078000,1560081599,8.36,8.427,8.335,8.36,6384.94927867
1560081600,1560085199,8.334,8.334,8.185,8.252,10304.84140153
1560085200,1560088799,8.252,8.29,8.101,8.172,6895.70666826
1560088800,1560092399,8.188,8.26,8.12,8.259,9558.86910581
1560092400,1560095999,8.26,8.27,8.172,8.212,5943.46288177
1560096000,1560099599,8.21,8.279,7.9,7.99,44103.98437265
1560099600,1560103199,8.0,8.062,7.902,8.02,15713.50962201
1560103200,1560106799,8.01,8.093,8.0,8.01,8379.93002578
1560106800,1560110399,8.01,8.139,8.01,8.1,4978.41323623
1560110400,1560113999,8.1,8.119,8.055,8.055,5914.55047355
1560114000,1560117599,8.075,8.134,7.996,8.06,18620.02531864
1560117600,1560121199,8.057,8.066,7.9,8.045,15510.27825608
1560121200,1560124799,8.045,8.16,7.976,8.129,7515.0691692
1560124800,1560128399,8.127,8.127,8.0,8.065,15214.34676451
1560128400,1560131999,8.079,8.09,7.986,8.08,15910.31329631
1560132000,1560135599,8.08,8.09,8.0,8.041,9941.49306406
1560135600,1560139199,8.04,8.147,8.032,8.113,7409.24791763
1560139200,1560142799,8.125,8.167,8.059,8.167,3510.34354854
1560142800,1560146399,8.173,8.187,8.08,8.09,3491.28709029
1560146400,1560149999,8.116,8.192,8.11,8.15,3818.29956449
1560150000,1560153599,8.161,8.19,8.109,8.153,4522.68292675
1560153600,1560157199,8.156,8.177,8.129,8.159,4976.92972778
1560157200,1560160799,8.166,8.179,8.077,8.098,4280.09509009
1560160800,1560164399,8.098,8.1,7.959,7.968,5010.81527694
1560164400,1560167999,7.964,8.351,7.9,8.3,30882.27537391
1560168000,1560171599,8.31,8.468,8.291,8.361,27021.73901104
1560171600,1560175199,8.362,8.399,8.281,8.33,12459.47131258
1560175200,1560178799,8.32,8.379,8.301,8.31,17189.37307112
1560178800,1560182399,8.33,8.33,8.114,8.22,11543.24332323
1560182400,1560185999,8.211,8.311,8.176,8.19,21238.01657188
1560186000,1560189599,8.2,8.299,8.2,8.239,12583.22712058
1560189600,1560193199,8.23,8.298,8.207,8.233,8168.36864323
1560193200,1560196799,8.259,8.297,8.22,8.255,5051.9771557
1560196800,1560200399,8.26,8.298,8.191,8.219,5429.99466825
1560200400,1560203999,8.218,8.24,8.173,8.211,5542.14201493
1560204000,1560207599,8.219,8.265,8.2,8.218,2697.3675735
1560207600,1560211199,8.248,8.349,8.22,8.349,10880.44558584
1560211200,1560214799,8.33,8.35,8.275,8.3,11507.23140666
1560214800,1560218399,8.294,8.315,8.21,8.249,3507.22556483
1560218400,1560221999,8.24,8.249,8.2,8.219,4555.65109263
1560222000,1560225599,8.21,8.23,8.162,8.205,7983.01633862
1560225600,1560229199,8.21,8.22,8.19,8.211,1531.95044424
1560229200,1560232799,8.21,8.232,8.2,8.22,6620.27960935
1560232800,1560236399,8.23,8.23,8.17,8.192,4138.70132032
1560236400,1560239999,8.191,8.212,8.13,8.2,5881.0996676
1560240000,1560243599,8.194,8.23,8.192,8.22,1546.49525395
1560243600,1560247199,8.229,8.23,8.182,8.193,5868.49875035
1560247200,1560250799,8.199,8.2,8.052,8.129,23308.02059182
1560250800,1560254399,8.122,8.136,8.034,8.09,16097.76717651
1560254400,1560257999,8.088,8.121,8.066,8.091,7566.90293649
1560258000,1560261599,8.105,8.155,8.1,8.102,2858.31381279
1560261600,1560265199,8.118,8.14,8.042,8.062,7125.39964828
1560265200,1560268799,8.062,8.116,8.045,8.116,7141.20052121
1560268800,1560272399,8.11,8.314,8.063,8.288,19907.94605594
1560272400,1560275999,8.261,8.28,8.168,8.22,27754.2382132
1560276000,1560279599,8.225,8.24,8.176,8.22,12871.01269851
1560279600,1560283199,8.214,8.237,8.171,8.2,3043.12383208
1560283200,1560286799,8.2,8.31,8.185,8.218,27849.27863676
1560286800,1560290399,8.244,8.304,8.211,8.275,14632.24451325
1560290400,1560293999,8.263,8.288,8.24,8.241,5620.09400295
1560294000,1560297599,8.26,8.318,8.232,8.26,8429.83711552
1560297600,1560301199,8.269,8.32,8.18,8.186,13538.83514536
1560301200,1560304799,8.19,8.268,8.19,8.23,6343.11338354
1560304800,1560308399,8.231,8.389,8.212,8.34,16918.23061681
1560308400,1560311999,8.34,8.41,8.221,8.28,22930.54607366
1560312000,1560315599,8.271,8.289,8.248,8.254,5678.46585616
1560315600,1560319199,8.26,8.28,8.23,8.25,7628.61655268
1560319200,1560322799,8.24,8.246,8.2,8.2,8085.58499945
1560322800,1560326399,8.21,8.336,8.121,8.24,71600.39447945
1560326400,1560329999,8.245,8.265,8.19,8.19,3084.47347001
1560330000,1560333599,8.178,8.209,8.132,8.198,5414.23508649
1560333600,1560337199,8.194,8.275,8.194,8.268,6965.09342138
1560337200,1560340799,8.26,8.293,8.217,8.259,8658.66367231
1560340800,1560344399,8.26,8.362,8.245,8.261,9955.13346156
1560344400,1560347999,8.27,8.3,8.25,8.279,7548.63216124
1560348000,1560351599,8.27,8.297,8.2,8.251,5565.05289281
1560351600,1560355199,8.269,8.41,8.26,8.361,39257.47716596
1560355200,1560358799,8.371,8.9,8.346,8.668,79412.34495248
1560358800,1560362399,8.66,8.709,8.478,8.603,30373.85549376
1560362400,1560365999,8.595,8.658,8.575,8.63,10287.79998884
1560366000,1560369599,8.635,8.64,8.593,8.6,6588.73544745
1560369600,1560373199,8.599,8.619,8.492,8.529,19250.85672552
1560373200,1560376799,8.502,8.588,8.49,8.519,10418.58778405
1560376800,1560380399,8.517,8.565,8.516,8.535,2780.04646613
1560380400,1560383999,8.539,8.694,8.494,8.66,20136.90346811
1560384000,1560387599,8.661,8.7,8.582,8.61,10222.54266425
1560387600,1560391199,8.622,8.638,8.55,8.562,2940.83253809
1560391200,1560394799,8.562,8.581,8.503,8.519,16001.50289615
1560394800,1560398399,8.515,8.57,8.5,8.551,3227.97744774
1560398400,1560401999,8.56,8.57,8.53,8.569,2371.8558925
1560402000,1560405599,8.562,8.596,8.552,8.59,4404.69717438
1560405600,1560409199,8.589,8.645,8.51,8.639,13654.97481618
1560409200,1560412799,8.639,8.654,8.59,8.59,5282.59819127
1560412800,1560416399,8.591,8.629,8.573,8.609,3358.57945918
1560416400,1560419999,8.614,8.64,8.57,8.58,5363.53004611
1560420000,1560423599,8.589,8.589,8.514,8.539,3784.16557281
1560423600,1560427199,8.535,8.582,8.53,8.54,3816.43908125
1560427200,1560430799,8.55,8.648,8.5,8.541,10290.65658436
1560430800,1560434399,8.57,8.649,8.561,8.6,4358.22248664
1560434400,1560437999,8.61,8.704,8.6,8.69,9466.9378835
1560438000,1560441599,8.69,8.789,8.64,8.66,20271.75628574
1560441600,1560445199,8.66,8.719,8.58,8.666,8793.38808861
1560445200,1560448799,8.64,8.66,8.546,8.561,2565.19093469
1560448800,1560452399,8.561,8.615,8.544,8.598,18339.63681622
1560452400,1560455999,8.598,8.63,8.56,8.59,9074.3943808
1560456000,1560459599,8.59,8.714,8.574,8.709,18411.11950295
1560459600,1560463199,8.696,8.72,8.63,8.67,15441.75541898
1560463200,1560466799,8.687,8.7,8.552,8.56,12221.16013851
1560466800,1560470399,8.568,8.579,8.527,8.542,6196.01137262
1560470400,1560473999,8.544,8.598,8.425,8.43,12973.04907882
1560474000,1560477599,8.444,8.488,8.387,8.429,19362.61697719
1560477600,1560481199,8.421,8.46,8.421,8.452,2973.31255053
1560481200,1560484799,8.451,8.487,8.406,8.471,4079.56552878
1560484800,1560488399,8.451,8.47,8.393,8.46,8349.29655228
1560488400,1560491999,8.461,8.487,8.415,8.46,3101.2955434
1560492000,1560495599,8.46,8.46,8.39,8.41,2852.4543746
1560495600,1560499199,8.41,8.417,8.16,8.28,32344.15836028
1560499200,1560502799,8.29,8.443,8.29,8.402,4809.60331709
1560502800,1560506399,8.392,8.42,8.341,8.42,5860.60959588
1560506400,1560509999,8.42,8.428,8.387,8.42,1399.13900088
1560510000,1560513599,8.41,8.424,8.36,8.36,1156.09706864
1560513600,1560517199,8.38,8.407,8.307,8.39,7744.30064911
1560517200,1560520799,8.39,8.424,8.36,8.404,5213.44705431
1560520800,1560524399,8.404,8.448,8.38,8.401,3325.50685297
1560524400,1560527999,8.41,8.41,8.36,8.38,6105.17703139
1560528000,1560531599,8.371,8.397,8.2,8.209,14984.79760651
1560531600,1560535199,8.2,8.343,8.2,8.319,6497.32707204
1560535200,1560538799,8.318,8.379,8.3,8.301,2890.44256705
1560538800,1560542399,8.309,8.36,8.27,8.359,7329.38726547
1560542400,1560545999,8.35,8.41,8.35,8.362,4162.19077008
1560546000,1560549599,8.362,8.59,8.362,8.59,12820.03644212
1560549600,1560553199,8.579,8.6,8.39,8.55,18044.4940551
1560553200,1560556799,8.529,8.621,8.484,8.58,21545.54870312
1560556800,1560560399,8.58,8.65,8.55,8.61,14293.57339544
1560560400,1560563999,8.62,8.63,8.562,8.59,7603.46230523
1560564000,1560567599,8.61,8.649,8.55,8.567,6018.3329227
1560567600,1560571199,8.567,8.599,8.55,8.58,4800.85564224
1560571200,1560574799,8.58,8.619,8.572,8.581,2819.30479001
1560574800,1560578399,8.586,8.619,8.583,8.6,2564.46072469
1560578400,1560581999,8.61,8.634,8.58,8.6,6197.45849271
1560582000,1560585599,8.59,8.599,8.548,8.556,2792.35541036
1560585600,1560589199,8.553,8.589,8.526,8.573,2581.82656693
1560589200,1560592799,8.575,8.584,8.55,8.561,2189.42814619
1560592800,1560596399,8.555,8.56,8.507,8.54,7654.86109635
1560596400,1560599999,8.54,8.559,8.502,8.52,4301.84933918
1560600000,1560603599,8.52,8.55,8.49,8.492,2629.59371386
1560603600,1560607199,8.49,8.5,8.426,8.469,7225.82286834
1560607200,1560610799,8.471,8.56,8.46,8.539,6378.72280219
1560610800,1560614399,8.53,8.584,8.51,8.559,5523.28603181
1560614400,1560617999,8.559,8.719,8.55,8.709,22726.98064401
1560618000,1560621599,8.709,8.71,8.603,8.61,10990.164145
1560621600,1560625199,8.619,8.68,8.602,8.63,7906.57004126
1560625200,1560628799,8.63,8.642,8.592,8.639,4091.78825376
1560628800,1560632399,8.641,8.67,8.581,8.635,4960.21461491
1560632400,1560635999,8.617,8.632,8.522,8.569,3750.42297378
1560636000,1560639599,8.57,8.608,8.543,8.58,12501.5214245
1560639600,1560643199,8.583,8.62,8.561,8.611,8491.10462744
1560643200,1560646799,8.611,8.611,8.515,8.538,4320.44753403
1560646800,1560650399,8.532,8.629,8.521,8.61,10525.59014954
1560650400,1560653999,8.62,8.65,8.6,8.62,11734.87489574
1560654000,1560657599,8.62,8.639,8.603,8.639,3224.57468437
1560657600,1560661199,8.63,8.7,8.604,8.66,11399.13408267
1560661200,1560664799,8.67,8.797,8.651,8.771,42972.92045254
1560664800,1560668399,8.772,8.8,8.681,8.77,26061.97449617
1560668400,1560671999,8.765,8.852,8.732,8.84,21932.61415199
1560672000,1560675599,8.84,8.948,8.505,8.7,47621.42425497
1560675600,1560679199,8.641,8.739,8.608,8.618,12361.94355315
1560679200,1560682799,8.66,8.708,8.632,8.66,5376.41419338
1560682800,1560686399,8.65,8.688,8.62,8.659,5041.61119142
1560686400,1560689999,8.668,8.684,8.619,8.66,5602.45763642
1560690000,1560693599,8.66,8.79,8.628,8.766,5477.49848337
1560693600,1560697199,8.769,8.793,8.7,8.71,17942.68087249
1560697200,1560700799,8.719,8.899,8.67,8.871,20298.78662979
1560700800,1560704399,8.874,8.882,8.788,8.85,18278.07073801
1560704400,1560707999,8.849,8.85,8.681,8.709,21280.53367256
1560708000,1560711599,8.7,8.722,8.651,8.68,9882.64086898
1560711600,1560715199,8.689,8.711,8.588,8.677,18299.15529083
1560715200,1560718799,8.67,8.733,8.602,8.7,5828.04819025
1560718800,1560722399,8.701,8.8,8.695,8.8,3934.34726341
1560722400,1560725999,8.8,8.81,8.721,8.794,4808.55019483
1560726000,1560729599,8.803,8.81,8.672,8.687,9423.5502196
1560729600,1560733199,8.691,8.8,8.691,8.788,14160.87367735
1560733200,1560736799,8.782,8.807,8.75,8.768,8364.98717462
1560736800,1560740399,8.768,8.79,8.711,8.716,10625.32371367
1560740400,1560743999,8.717,8.759,8.695,8.759,4255.08834959
1560744000,1560747599,8.759,8.77,8.734,8.75,9525.30195976
1560747600,1560751199,8.749,8.75,8.71,8.71,1870.29686026
1560751200,1560754799,8.71,8.731,8.698,8.709,4536.13273502
1560754800,1560758399,8.7,8.73,8.7,8.7,1656.08283224
1560758400,1560761999,8.72,8.766,8.711,8.765,4423.54092103
1560762000,1560765599,8.769,8.781,8.731,8.731,6645.25722811
1560765600,1560769199,8.732,8.8,8.7,8.79,4736.43055703
1560769200,1560772799,8.79,8.8,8.721,8.75,5655.92273389
1560772800,1560776399,8.75,8.823,8.721,8.8,11849.30283089
1560776400,1560779999,8.791,8.813,8.77,8.78,4915.79927696
1560780000,1560783599,8.764,8.827,8.757,8.811,10411.28879278
1560783600,1560787199,8.81,8.81,8.65,8.689,24421.56352974
1560787200,1560790799,8.68,8.749,8.68,8.74,10568.55590003
1560790800,1560794399,8.74,8.779,8.733,8.751,2202.9529765
1560794400,1560797999,8.76,8.81,8.747,8.762,12624.19574716
1560798000,1560801599,8.78,8.814,8.75,8.78,11202.05397937
1560801600,1560805199,8.78,8.816,8.76,8.816,19647.44722985
1560805200,1560808799,8.792,8.88,8.792,8.858,9685.73340752
1560808800,1560812399,8.865,8.886,8.826,8.87,11608.84102209
1560812400,1560815999,8.87,8.899,8.8,8.8,14093.75693042
1560816000,1560819599,8.8,8.826,8.76,8.76,5152.87240293
1560819600,1560823199,8.77,8.843,8.75,8.778,11093.84577863
1560823200,1560826799,8.77,8.8,8.731,8.731,6048.88392173
1560826800,1560830399,8.738,8.792,8.721,8.76,8494.67884241
1560830400,1560833999,8.75,8.77,8.72,8.73,2013.20431627
1560834000,1560837599,8.73,8.74,8.66,8.689,8657.6115309
1560837600,1560841199,8.68,8.709,8.66,8.66,3532.6587393
1560841200,1560844799,8.66,8.662,8.449,8.56,12483.53039498
1560844800,1560848399,8.561,8.63,8.557,8.63,1336.12940512
1560848400,1560851999,8.63,8.669,8.591,8.6,4449.20112179
1560852000,1560855599,8.609,8.652,8.59,8.62,2582.6052477
1560855600,1560859199,8.617,8.63,8.573,8.59,2222.14780667
1560859200,1560862799,8.59,8.6,8.47,8.554,13453.48550457
1560862800,1560866399,8.558,8.634,8.524,8.61,5419.55439044
1560866400,1560869999,8.605,8.605,8.503,8.51,7307.75336552
1560870000,1560873599,8.52,8.58,8.333,8.49,22212.68901128
1560873600,1560877199,8.499,8.512,8.365,8.37,17362.52069297
1560877200,1560880799,8.36,8.42,8.292,8.39,39447.30118331
1560880800,1560884399,8.39,8.45,8.351,8.422,7647.47194968
1560884400,1560887999,8.43,8.461,8.42,8.426,8463.79338961
1560888000,1560891599,8.43,8.458,8.371,8.39,4145.6950283
1560891600,1560895199,8.399,8.497,8.387,8.402,5139.0521359
1560895200,1560898799,8.402,8.438,8.35,8.392,4657.75313804
1560898800,1560902399,8.419,8.484,8.366,8.45,9647.48480605
1560902400,1560905999,8.46,8.502,8.442,8.502,7312.88434066
1560906000,1560909599,8.51,8.534,8.45,8.472,3137.44633823
1560909600,1560913199,8.48,8.52,8.476,8.5,3635.64844459
1560913200,1560916799,8.492,8.501,8.452,8.48,4709.15315376
1560916800,1560920399,8.49,8.51,8.471,8.5,1658.78282657
1560920400,1560923999,8.493,8.501,8.471,8.498,5502.88015191
1560924000,1560927599,8.503,8.642,8.5,8.61,3162.79451974
1560927600,1560931199,8.61,8.67,8.561,8.67,4148.44891999
1560931200,1560934799,8.66,8.674,8.583,8.594,4266.86443189
1560934800,1560938399,8.594,8.594,8.53,8.55,6529.51277451
1560938400,1560941999,8.55,8.564,8.542,8.564,1536.74330978
1560942000,1560945599,8.563,8.564,8.52,8.54,3276.5125098
1560945600,1560949199,8.54,8.55,8.476,8.485,4024.56959293
1560949200,1560952799,8.481,8.55,8.45,8.51,2328.42974205
1560952800,1560956399,8.501,8.51,8.469,8.5,2336.0833797
1560956400,1560959999,8.494,8.549,8.481,8.509,6550.3071454
1560960000,1560963599,8.51,8.521,8.461,8.491,6012.18099233
1560963600,1560967199,8.495,8.532,8.493,8.513,3805.119126
1560967200,1560970799,8.512,8.528,8.5,8.501,2487.75585324
1560970800,1560974399,8.5,8.52,8.5,8.51,2560.54346534
1560974400,1560977999,8.51,8.573,8.501,8.56,13630.93807687
1560978000,1560981599,8.574,8.6,8.516,8.6,7679.0596185
1560981600,1560985199,8.58,8.6,8.521,8.527,2997.24753194
1560985200,1560988799,8.546,8.57,8.528,8.56,2984.44351201
1560988800,1560992399,8.56,8.567,8.53,8.548,4948.03094048
1560992400,1560995999,8.539,8.547,8.511,8.547,3345.34016059
1560996000,1560999599,8.54,8.577,8.521,8.577,2251.86769723
1560999600,1561003199,8.551,8.589,8.53,8.55,3452.49955686
1561003200,1561006799,8.54,8.555,8.519,8.52,2679.07749378
1561006800,1561010399,8.52,8.545,8.511,8.52,3403.28883314
1561010400,1561013999,8.52,8.529,8.513,8.518,1479.72912183
1561014000,1561017599,8.515,8.524,8.505,8.505,12463.35937212
1561017600,1561021199,8.501,8.501,8.45,8.46,13674.49370967
1561021200,1561024799,8.46,8.496,8.435,8.48,7259.64729359
1561024800,1561028399,8.471,8.48,8.435,8.45,1520.62912492
1561028400,1561031999,8.458,8.52,8.44,8.509,3032.54169348
1561032000,1561035599,8.509,8.509,8.491,8.5,126.30195686
1561035600,1561039199,8.459,8.502,8.44,8.47,3111.34099808
1561046400,1561049999,8.472,8.472,8.47,8.47,29.61866839
1561050000,1561053599,8.47,8.5,8.45,8.473,1046.6007606
1561053600,1561057199,8.472,8.5,8.45,8.476,3206.47036293
1561057200,1561060799,8.47,8.47,8.376,8.413,18875.87389869
1561060800,1561064399,8.43,8.56,8.38,8.56,11596.16447583
1561064400,1561067999,8.559,8.613,8.524,8.526,6937.51715209
1561068000,1561071599,8.53,8.537,8.48,8.5,3468.32624206
1561071600,1561075199,8.5,8.529,8.491,8.52,2335.2985012
1561075200,1561078799,8.529,8.619,8.5,8.61,3982.03067155
1561078800,1561082399,8.61,8.748,8.599,8.709,18727.17624022
1561082400,1561085999,8.709,8.709,8.597,8.62,11284.86047161
1561086000,1561089599,8.62,8.63,8.591,8.625,9223.31014356
1561089600,1561093199,8.63,8.654,8.61,8.639,2470.41400461
1561093200,1561096799,8.638,8.644,8.559,8.632,25129.26402175
1561096800,1561100399,8.64,8.66,8.601,8.63,1967.19419528
1561100400,1561103999,8.62,8.63,8.561,8.59,1752.88911502
1561104000,1561107599,8.59,8.63,8.572,8.63,1723.12952232
1561107600,1561111199,8.63,8.75,8.61,8.75,6552.91385536
1561111200,1561114799,8.73,8.812,8.71,8.75,16099.10061635
1561114800,1561118399,8.75,8.79,8.61,8.68,7896.79228859
1561118400,1561121999,8.68,8.715,8.66,8.711,2331.77535918
1561122000,1561125599,8.71,8.79,8.6,8.601,32122.14573434
1561125600,1561129199,8.61,8.659,8.6,8.65,8204.18483894
1561129200,1561132799,8.65,8.67,8.61,8.639,2552.75668484
1561132800,1561136399,8.64,8.73,8.605,8.66,4188.47831186
1561136400,1561139999,8.649,8.7,8.616,8.662,9305.87542298
1561140000,1561143599,8.662,8.75,8.64,8.7,9081.39003145
1561143600,1561147199,8.7,8.728,8.65,8.688,7922.39906374
1561147200,1561150799,8.687,8.688,8.63,8.681,8294.99226862
1561150800,1561154399,8.675,8.837,8.674,8.77,11332.13875667
1561154400,1561157999,8.77,8.778,8.69,8.757,7652.39251566
1561158000,1561161599,8.776,8.869,8.712,8.812,20149.93026092
1561161600,1561165199,8.812,8.92,8.74,8.92,23152.01266001
1561165200,1561168799,8.9,9.05,8.89,9.025,41047.41058274
1561168800,1561172399,9.025,9.103,8.921,9.08,35406.09268104
1561172400,1561175999,9.07,9.146,8.774,8.815,43811.61788821
1561176000,1561179599,8.815,8.959,8.801,8.92,20928.17660632
1561179600,1561183199,8.936,9.028,8.936,8.992,5529.9047474
1561183200,1561186799,8.983,8.998,8.94,8.972,4873.98432014
1561186800,1561190399,8.97,8.99,8.862,8.882,5919.49822522
1561190400,1561193999,8.881,8.95,8.851,8.93,4630.36573963
1561194000,1561197599,8.94,8.956,8.889,8.919,4424.19704627
1561197600,1561201199,8.92,8.93,8.831,8.92,8914.86492555
1561201200,1561204799,8.92,9.0,8.92,8.993,3348.75642988
1561204800,1561208399,9.0,9.08,8.93,9.08,8743.7428177
1561208400,1561211999,9.088,9.333,9.088,9.231,42150.85421551
1561212000,1561215599,9.23,9.279,8.704,9.049,65207.70739877
1561215600,1561219199,9.04,9.077,8.94,8.99,9670.05951267
1561219200,1561222799,9.01,9.15,8.981,9.01,15372.36187196
1561222800,1561226399,8.99,9.22,8.987,9.16,25345.60106102
1561226400,1561229999,9.16,9.22,9.077,9.089,19394.76361548
1561230000,1561233599,9.077,9.184,8.986,9.139,18236.95463542
1561233600,1561237199,9.13,9.169,9.076,9.108,10748.8513557
1561237200,1561240799,9.112,9.168,9.019,9.134,20130.97397118
1561240800,1561244399,9.133,9.154,8.95,8.977,13916.15320042
1561244400,1561247999,8.98,9.142,8.979,9.101,11336.80931067
1561248000,1561251599,9.111,9.2,9.111,9.18,11859.37808577
1561251600,1561255199,9.17,9.256,9.148,9.22,16719.22731619
1561255200,1561258799,9.226,9.3,9.2,9.22,21123.49464646
1561258800,1561262399,9.226,9.41,9.207,9.41,20204.06018789
1561262400,1561265999,9.41,9.449,9.3,9.371,14071.36689123
1561266000,1561269599,9.35,9.36,9.262,9.319,8620.10900113
1561269600,1561273199,9.313,9.333,9.261,9.266,4778.25483029
1561273200,1561276799,9.26,9.308,9.2,9.238,10157.67323693
1561276800,1561280399,9.23,9.3,9.164,9.187,2938.83016658
1561280400,1561283999,9.179,9.248,9.101,9.119,9656.42739243
1561284000,1561287599,9.12,9.139,9.059,9.084,4687.16294484
1561287600,1561291199,9.084,9.198,9.08,9.16,5422.45022037
1561291200,1561294799,9.151,9.25,9.151,9.17,2631.07553555
1561294800,1561298399,9.18,9.19,9.075,9.131,7507.69348247
1561298400,1561301999,9.131,9.203,9.12,9.169,5312.50803251
1561302000,1561305599,9.168,9.23,9.132,9.23,6120.70733031
1561305600,1561309199,9.23,9.54,9.183,9.392,34955.64957726
1561309200,1561312799,9.4,9.625,9.4,9.44,40250.26651639
1561312800,1561316399,9.45,9.488,9.41,9.41,14314.43854093
1561316400,1561319999,9.42,9.424,9.254,9.386,17853.38188033
1561320000,1561323599,9.39,9.436,9.31,9.41,10408.66090797
1561323600,1561327199,9.408,9.508,9.25,9.28,39706.17672271
1561327200,1561330799,9.267,9.362,9.151,9.21,28143.54308807
1561330800,1561334399,9.23,9.279,9.09,9.26,20305.3118786
1561334400,1561337999,9.25,9.25,8.809,9.02,69223.290178
1561338000,1561341599,9.02,9.115,8.953,8.976,13937.65165822
1561341600,1561345199,8.96,9.079,8.93,8.99,7828.29191052
1561345200,1561348799,8.989,9.04,8.952,8.99,6336.98491039
1561348800,1561352399,8.977,9.103,8.95,9.099,5595.54616388
1561352400,1561355999,9.098,9.136,9.07,9.109,4640.45686856
1561356000,1561359599,9.106,9.12,9.066,9.066,2065.37261294
1561359600,1561363199,9.075,9.159,9.075,9.15,1829.08054832
